occ_title,a_mean_2017,a_mean_2018,a_mean_2019,a_mean_2020,a_mean_2021,a_mean_2022,a_mean_2023,a_mean_2024
Top Executives,128020.0,128240.0,127070.0,129920.0,120520.0,129050.0,136100.0,139860.0
Chief Executives,196050.0,200140.0,193850.0,197840.0,213020.0,246440.0,258900.0,262930.0
General and Operations Managers,123460.0,123880.0,123030.0,125740.0,115250.0,122860.0,129330.0,133120.0
Legislators,46350.0,47620.0,49440.0,53560.0,57110.0,71100.0,68140.0,67390.0
"Advertising, Marketing, Promotions, Public Relations, and Sales Managers",138650.0,141500.0,143330.0,148740.0,145130.0,152320.0,159960.0,163740.0
Advertising and Promotions Managers,123880.0,133090.0,141890.0,147560.0,142860.0,147050.0,152620.0,149270.0
Marketing Managers,145620.0,147240.0,149200.0,154470.0,153440.0,158280.0,166410.0,171520.0
Sales Managers,137650.0,140320.0,141690.0,147580.0,142390.0,150530.0,157610.0,160930.0
Public Relations and Fundraising Managers,127690.0,131570.0,132630.0,135580.0,,,,
Operations Specialties Managers,129450.0,132680.0,134550.0,138590.0,139900.0,148190.0,155150.0,160590.0
Administrative Services Managers,103380.0,106050.0,,,113030.0,115640.0,121200.0,126030.0
Computer and Information Systems Managers,149730.0,152860.0,156390.0,161730.0,162930.0,173670.0,180720.0,187990.0
Financial Managers,143530.0,146830.0,147530.0,151510.0,153460.0,166050.0,174820.0,180470.0
Industrial Production Managers,110580.0,113370.0,115110.0,118190.0,117780.0,120900.0,125900.0,129180.0
Purchasing Managers,121810.0,125630.0,128400.0,132660.0,134590.0,140650.0,146710.0,150630.0
"Transportation, Storage, and Distribution Managers",100740.0,102850.0,103320.0,105100.0,105580.0,108910.0,111870.0,116010.0
Compensation and Benefits Managers,130010.0,132860.0,134210.0,137160.0,139470.0,143140.0,150940.0,156230.0
Human Resources Managers,123510.0,126700.0,129570.0,134580.0,136590.0,145750.0,154740.0,160480.0
Training and Development Managers,117690.0,121730.0,123470.0,125920.0,128800.0,132100.0,138450.0,140590.0
Other Management Occupations,98940.0,100900.0,102560.0,106910.0,107230.0,113420.0,118370.0,121560.0
"Farmers, Ranchers, and Other Agricultural Managers",80320.0,79940.0,80360.0,76810.0,78440.0,83790.0,90160.0,97240.0
Construction Managers,101000.0,103110.0,105000.0,107260.0,108210.0,112790.0,116960.0,119660.0
"Education Administrators, Preschool and Childcare Center/Program",53550.0,53990.0,,,,,,
"Education Administrators, Elementary and Secondary School",97440.0,98750.0,,,,,,
"Education Administrators, Postsecondary",107670.0,111210.0,112400.0,115200.0,111260.0,115180.0,122010.0,124450.0
"Education Administrators, All Other",88240.0,89570.0,92150.0,93830.0,94730.0,99820.0,100720.0,99460.0
Architectural and Engineering Managers,146290.0,148970.0,152930.0,158100.0,158970.0,163310.0,172290.0,175710.0
Food Service Managers,57250.0,58960.0,59820.0,61000.0,63970.0,67130.0,69580.0,72370.0
Funeral Service Managers,93090.0,93820.0,,,,,,
Gaming Managers,83460.0,85260.0,,,,,,
Lodging Managers,59620.0,62270.0,63570.0,65270.0,67770.0,73230.0,76790.0,77460.0
Medical and Health Services Managers,111680.0,113730.0,115160.0,118800.0,119840.0,127980.0,134440.0,137730.0
Natural Sciences Managers,133670.0,139680.0,145450.0,154930.0,156110.0,163610.0,169120.0,173500.0
Postmasters and Mail Superintendents,75660.0,77040.0,78220.0,79660.0,81820.0,84190.0,89770.0,93760.0
"Property, Real Estate, and Community Association Managers",72370.0,71730.0,71720.0,73210.0,70030.0,76110.0,78400.0,82720.0
Social and Community Service Managers,70530.0,71670.0,72900.0,75140.0,76790.0,79310.0,83400.0,86100.0
Emergency Management Directors,81140.0,82570.0,82530.0,84310.0,84800.0,88890.0,93690.0,97700.0
"Managers, All Other",113180.0,115590.0,,,129710.0,141190.0,146320.0,149890.0
Business Operations Specialists,73080.0,73890.0,75530.0,78320.0,80380.0,83280.0,88040.0,91020.0
"Agents and Business Managers of Artists, Performers, and Athletes",90870.0,90930.0,97170.0,98070.0,116410.0,120100.0,132810.0,165600.0
Buyers and Purchasing Agents,66960.0,67530.0,69680.0,72370.0,72540.0,75140.0,77850.0,81720.0
"Claims Adjusters, Examiners, and Investigators",66340.0,67540.0,68940.0,70650.0,70960.0,73380.0,75770.0,78770.0
"Insurance Appraisers, Auto Damage",64680.0,65510.0,66240.0,68540.0,68180.0,71580.0,75660.0,77050.0
Compliance Officers,71540.0,72520.0,72850.0,75620.0,75810.0,76980.0,80190.0,84980.0
Cost Estimators,68420.0,69710.0,71350.0,72960.0,73740.0,76740.0,79520.0,83160.0
Human Resources Specialists,66220.0,66790.0,67760.0,69430.0,70720.0,73080.0,76060.0,79730.0
Farm Labor Contractors,48890.0,52930.0,62060.0,50300.0,54400.0,54630.0,51400.0,51910.0
Labor Relations Specialists,65540.0,70730.0,71870.0,74870.0,77070.0,87470.0,94620.0,97130.0
Logisticians,78740.0,78730.0,78680.0,79830.0,79230.0,81220.0,84640.0,87600.0
Management Analysts,93440.0,94390.0,95560.0,97580.0,100530.0,104660.0,115530.0,114710.0
"Meeting, Convention, and Event Planners",52630.0,53730.0,54880.0,55890.0,57850.0,58750.0,62280.0,65090.0
Fundraisers,59930.0,61610.0,62830.0,64550.0,64870.0,66670.0,70760.0,73130.0
"Compensation, Benefits, and Job Analysis Specialists",67160.0,67910.0,69840.0,72610.0,73810.0,75920.0,80620.0,82920.0
Training and Development Specialists,64700.0,65120.0,65640.0,67440.0,67620.0,69870.0,71980.0,73760.0
Market Research Analysts and Marketing Specialists,71450.0,70960.0,71570.0,73970.0,76080.0,78880.0,83190.0,86480.0
"Business Operations Specialists, All Other",75740.0,76960.0,,,79240.0,82670.0,89130.0,92380.0
Financial Specialists,82190.0,82550.0,83260.0,85510.0,87350.0,92290.0,96460.0,100090.0
Accountants and Auditors,77920.0,78820.0,79520.0,81660.0,83980.0,86740.0,90780.0,93520.0
Appraisers and Assessors of Real Estate,60830.0,61870.0,,,,,,
Budget Analysts,78680.0,79830.0,80300.0,82690.0,84240.0,87680.0,90880.0,93920.0
Credit Analysts,82900.0,82300.0,84930.0,86170.0,88030.0,92180.0,94750.0,98040.0
Financial Analysts,99430.0,100990.0,,,,,,
Personal Financial Advisors,124140.0,121770.0,119290.0,122490.0,119960.0,137740.0,150670.0,160210.0
Insurance Underwriters,77660.0,76880.0,77640.0,80390.0,79940.0,82990.0,85610.0,90830.0
Financial Examiners,91780.0,90310.0,92330.0,92730.0,96180.0,95610.0,98140.0,103650.0
Credit Counselors,49460.0,49820.0,50230.0,49940.0,50430.0,51650.0,53440.0,55890.0
Loan Officers,77920.0,76270.0,76200.0,76930.0,80570.0,84160.0,84490.0,86020.0
"Tax Examiners and Collectors, and Revenue Agents",59140.0,60500.0,60960.0,62040.0,63200.0,64410.0,65370.0,67570.0
Tax Preparers,47090.0,46860.0,49550.0,52710.0,51080.0,55840.0,58160.0,58860.0
"Financial Specialists, All Other",76630.0,77580.0,,,80370.0,83580.0,89650.0,93890.0
Computer Occupations,89780.0,91480.0,93620.0,96630.0,99620.0,108100.0,113270.0,116770.0
Computer and Information Research Scientists,119570.0,123850.0,127460.0,130890.0,142650.0,155880.0,157160.0,152310.0
Computer Systems Analysts,92740.0,93610.0,96160.0,99020.0,102210.0,107530.0,110800.0,111960.0
Information Security Analysts,99690.0,102470.0,104210.0,107580.0,113270.0,119860.0,124740.0,127730.0
Computer Programmers,87530.0,89580.0,92610.0,95640.0,96650.0,102790.0,107750.0,103640.0
"Software Developers, Applications",106710.0,108080.0,,,,,,
"Software Developers, Systems Software",111780.0,114000.0,,,,,,
Web Developers,74110.0,75580.0,,,81320.0,87580.0,95570.0,98790.0
Database Administrators,89050.0,92030.0,,,96550.0,102530.0,104810.0,107440.0
Network and Computer Systems Administrators,86340.0,87070.0,88410.0,89460.0,91250.0,97160.0,100580.0,101190.0
Computer Network Architects,107870.0,111130.0,115110.0,119230.0,120650.0,129490.0,133930.0,135890.0
Computer User Support Specialists,54150.0,55050.0,56550.0,57000.0,57650.0,61580.0,63640.0,64990.0
Computer Network Support Specialists,67510.0,68050.0,68860.0,71040.0,71350.0,76060.0,78640.0,79610.0
"Computer Occupations, All Other",91080.0,93350.0,92410.0,96740.0,98180.0,104660.0,112430.0,116700.0
Mathematical Science Occupations,90460.0,92830.0,96900.0,99700.0,103800.0,108620.0,111340.0,117190.0
Actuaries,114850.0,116250.0,120970.0,123180.0,125300.0,127580.0,132500.0,134990.0
Mathematicians,104700.0,104870.0,107280.0,112530.0,112430.0,113860.0,119770.0,122520.0
Operations Research Analysts,86510.0,88350.0,90600.0,92280.0,95830.0,95820.0,95600.0,99120.0
Statisticians,88980.0,92600.0,95680.0,97170.0,99450.0,105510.0,109190.0,112330.0
Miscellaneous Mathematical Science Occupations,73670.0,72390.0,,,,,,
"Architects, Surveyors, and Cartographers",78970.0,80300.0,81250.0,82030.0,82880.0,86670.0,90430.0,93330.0
"Architects, Except Landscape and Naval",87500.0,88860.0,89560.0,89470.0,91900.0,96510.0,100400.0,103390.0
Landscape Architects,70880.0,73160.0,73970.0,75440.0,74980.0,77820.0,83990.0,88000.0
Cartographers and Photogrammetrists,67390.0,68340.0,69790.0,72420.0,73510.0,75300.0,78810.0,82860.0
Surveyors,65300.0,66440.0,67920.0,70260.0,68880.0,71060.0,74000.0,76730.0
Engineers,98190.0,99230.0,100770.0,102500.0,104000.0,107170.0,111890.0,116760.0
Aerospace Engineers,115300.0,117100.0,119220.0,121110.0,122970.0,127090.0,134330.0,141180.0
Agricultural Engineers,77970.0,79090.0,98290.0,101620.0,87350.0,90710.0,93490.0,84240.0
Biomedical Engineers,92970.0,95090.0,,,,,,
Chemical Engineers,112430.0,114470.0,117090.0,114820.0,121840.0,117820.0,122910.0,128430.0
Civil Engineers,91790.0,93720.0,94360.0,95440.0,95490.0,97380.0,101160.0,107050.0
Computer Hardware Engineers,119650.0,117840.0,123030.0,126140.0,136230.0,140830.0,147770.0,156770.0
Electrical Engineers,99580.0,101600.0,103480.0,105990.0,107890.0,114050.0,117680.0,120980.0
"Electronics Engineers, Except Computer",106760.0,107930.0,110210.0,112320.0,115490.0,118460.0,124190.0,132500.0
Environmental Engineers,91180.0,92640.0,94220.0,96890.0,100220.0,101670.0,105840.0,110570.0
"Health and Safety Engineers, Except Mining Safety Engineers and Inspectors",92190.0,93630.0,94810.0,97330.0,99700.0,103570.0,108740.0,113770.0
Industrial Engineers,90340.0,91630.0,92660.0,93610.0,95200.0,98560.0,103150.0,107900.0
Marine Engineers and Naval Architects,96910.0,98970.0,98730.0,99590.0,97820.0,105560.0,108110.0,116680.0
Materials Engineers,98610.0,96930.0,97890.0,100550.0,101950.0,105420.0,110430.0,116380.0
Mechanical Engineers,91500.0,92800.0,93540.0,95560.0,97000.0,100820.0,105220.0,110080.0
"Mining and Geological Engineers, Including Mining Safety Engineers",103710.0,98420.0,96990.0,100140.0,100450.0,101290.0,105460.0,108940.0
Nuclear Engineers,108910.0,110790.0,120700.0,125130.0,121760.0,124540.0,126950.0,134980.0
Petroleum Engineers,154780.0,156370.0,156780.0,154330.0,145720.0,142800.0,148590.0,153560.0
"Engineers, All Other",99310.0,99410.0,102460.0,107060.0,107800.0,111280.0,118350.0,121720.0
"Drafters, Engineering Technicians, and Mapping Technicians",58450.0,59410.0,60320.0,61660.0,62420.0,64370.0,67700.0,71540.0
Architectural and Civil Drafters,55110.0,56700.0,58080.0,59120.0,60620.0,61660.0,65000.0,68860.0
Electrical and Electronics Drafters,63720.0,64400.0,65720.0,65720.0,67090.0,68640.0,73110.0,77960.0
Mechanical Drafters,58150.0,59010.0,60500.0,61490.0,62650.0,65700.0,69920.0,74040.0
"Drafters, All Other",53990.0,54240.0,54840.0,56530.0,58330.0,60370.0,62980.0,66530.0
Aerospace Engineering and Operations Technicians,71340.0,68970.0,,,,,,
Civil Engineering Technicians,53600.0,54670.0,,,,,,
Electrical and Electronics Engineering Technicians,64290.0,65050.0,,,,,,
Electro-Mechanical Technicians,59490.0,60240.0,,,,,,
Environmental Engineering Technicians,53610.0,54800.0,,,,,,
Industrial Engineering Technicians,57810.0,58860.0,,,,,,
Mechanical Engineering Technicians,58180.0,58240.0,,,,,,
"Engineering Technicians, Except Drafters, All Other",64550.0,65720.0,,,,,,
Surveying and Mapping Technicians,46350.0,47690.0,48500.0,49770.0,49810.0,51570.0,54090.0,56890.0
Life Scientists,84860.0,86450.0,88770.0,91710.0,93190.0,96840.0,100630.0,101980.0
Animal Scientists,68840.0,67690.0,68570.0,74540.0,80390.0,85870.0,89450.0,104970.0
Food Scientists and Technologists,71990.0,72570.0,76190.0,80190.0,84150.0,85730.0,88350.0,92190.0
Soil and Plant Scientists,69170.0,70630.0,69860.0,73040.0,76290.0,76410.0,77080.0,83040.0
Biochemists and Biophysicists,105410.0,105940.0,108180.0,104810.0,113460.0,114740.0,120310.0,115570.0
Microbiologists,78400.0,81150.0,82760.0,91840.0,87820.0,88950.0,93380.0,95200.0
Zoologists and Wildlife Biologists,66250.0,67760.0,67200.0,70510.0,70300.0,72610.0,75740.0,77920.0
"Biological Scientists, All Other",80200.0,83600.0,87590.0,89910.0,90010.0,95920.0,99060.0,100440.0
Conservation Scientists,64850.0,65320.0,67040.0,69020.0,68230.0,69810.0,73160.0,74310.0
Foresters,61710.0,63150.0,63270.0,66000.0,67710.0,68090.0,70680.0,74670.0
Epidemiologists,76230.0,75690.0,78290.0,83620.0,86740.0,85880.0,90430.0,94160.0
"Medical Scientists, Except Epidemiologists",96070.0,96420.0,98770.0,101800.0,104050.0,110670.0,112380.0,112690.0
"Life Scientists, All Other",82270.0,89150.0,85890.0,92170.0,94430.0,100370.0,101520.0,101940.0
Physical Scientists,88470.0,90470.0,91110.0,93560.0,96340.0,97570.0,101110.0,104070.0
Astronomers,109560.0,111090.0,122270.0,126250.0,139410.0,127460.0,128940.0,134430.0
Physicists,123080.0,125280.0,131080.0,137700.0,151580.0,150130.0,158270.0,166000.0
Atmospheric and Space Scientists,93710.0,95580.0,97160.0,100550.0,96880.0,93610.0,101530.0,103980.0
Chemists,81870.0,83850.0,84150.0,86410.0,89130.0,90530.0,95560.0,95940.0
Materials Scientists,101910.0,102450.0,100430.0,104450.0,104790.0,110690.0,112440.0,111410.0
"Environmental Scientists and Specialists, Including Health",76220.0,77580.0,77940.0,80090.0,81240.0,83820.0,86710.0,88640.0
"Geoscientists, Except Hydrologists and Geographers",105830.0,107800.0,108350.0,112110.0,103550.0,104560.0,104000.0,111310.0
Hydrologists,84290.0,82790.0,86330.0,90150.0,94780.0,96300.0,96410.0,98130.0
"Physical Scientists, All Other",107180.0,110090.0,112070.0,110100.0,113220.0,116230.0,119050.0,123070.0
Social Scientists and Related Workers,83110.0,85900.0,88030.0,90150.0,90810.0,94560.0,99260.0,101290.0
Economists,112650.0,116020.0,116630.0,120880.0,120830.0,128180.0,132650.0,130910.0
Survey Researchers,60700.0,63240.0,65760.0,66960.0,64690.0,66440.0,66670.0,73470.0
"Clinical, Counseling, and School Psychologists",81330.0,85340.0,87450.0,89290.0,,,,
Industrial-Organizational Psychologists,102530.0,109030.0,111150.0,112690.0,113320.0,144610.0,154380.0,134400.0
"Psychologists, All Other",93440.0,95610.0,98230.0,100130.0,98010.0,99560.0,110300.0,111340.0
Sociologists,86130.0,90290.0,90590.0,93420.0,96260.0,101310.0,106710.0,111670.0
Urban and Regional Planners,74350.0,76240.0,77750.0,79410.0,81310.0,82420.0,85940.0,89730.0
Anthropologists and Archeologists,66330.0,65310.0,66810.0,69960.0,66800.0,68310.0,69780.0,71070.0
Geographers,76790.0,80530.0,81970.0,85620.0,86740.0,88960.0,92460.0,98160.0
Historians,64220.0,66380.0,68690.0,68400.0,72130.0,72900.0,76120.0,78470.0
Political Scientists,112030.0,115300.0,120260.0,124100.0,120430.0,126140.0,132020.0,137600.0
"Social Scientists and Related Workers, All Other",83230.0,85750.0,87690.0,91280.0,90900.0,94560.0,102210.0,106440.0
"Life, Physical, and Social Science Technicians",49970.0,50990.0,52340.0,53010.0,53890.0,55900.0,59970.0,61200.0
Agricultural and Food Science Technicians,42910.0,44170.0,44440.0,45920.0,,,,
Biological Technicians,47410.0,48060.0,49110.0,49490.0,51770.0,53560.0,56540.0,58020.0
Chemical Technicians,51010.0,51670.0,52910.0,53700.0,55040.0,56180.0,60920.0,61300.0
Geological and Petroleum Technicians,63450.0,62890.0,,,,,,
Nuclear Technicians,80000.0,79970.0,82710.0,83810.0,95200.0,97040.0,97520.0,100730.0
Social Science Research Assistants,49030.0,50420.0,51340.0,53560.0,56430.0,57760.0,62370.0,63560.0
"Environmental Science and Protection Technicians, Including Health",49310.0,50350.0,50760.0,50960.0,50550.0,53970.0,57470.0,56770.0
Forensic Science Technicians,61220.0,62490.0,63170.0,64890.0,66850.0,69260.0,71540.0,75260.0
Forest and Conservation Technicians,39180.0,40110.0,45860.0,42780.0,43420.0,45000.0,54260.0,56660.0
"Life, Physical, and Social Science Technicians, All Other",51160.0,52940.0,53670.0,56830.0,55420.0,57790.0,62640.0,64640.0
"Counselors, Social Workers, and Other Community and Social Service Specialists",48060.0,49270.0,50410.0,52120.0,53950.0,55660.0,58910.0,62980.0
"Educational, Guidance, School, and Vocational Counselors",58620.0,60160.0,,,,,,
Marriage and Family Therapists,53860.0,54150.0,54590.0,56890.0,59660.0,63300.0,68730.0,72720.0
Rehabilitation Counselors,38950.0,39930.0,40160.0,42080.0,44740.0,46020.0,48430.0,51260.0
"Substance Abuse, Behavioral Disorder, and Mental Health Counselors",46560.0,47920.0,49950.0,51550.0,53490.0,56230.0,60080.0,65100.0
"Counselors, All Other",47600.0,47740.0,48800.0,50800.0,49730.0,49770.0,52360.0,58070.0
"Child, Family, and School Social Workers",48430.0,49760.0,51030.0,52370.0,54880.0,56680.0,59190.0,62920.0
Healthcare Social Workers,56810.0,58470.0,59300.0,60470.0,62310.0,62760.0,67430.0,72030.0
Mental Health and Substance Abuse Social Workers,47830.0,49630.0,51670.0,54540.0,57800.0,60130.0,63870.0,68290.0
"Social Workers, All Other",60900.0,62660.0,61750.0,64940.0,63010.0,64360.0,68800.0,74680.0
Health Educators,59010.0,59660.0,,,,,,
Probation Officers and Correctional Treatment Specialists,56630.0,58790.0,59910.0,61900.0,63290.0,64920.0,67880.0,71530.0
Social and Human Service Assistants,35460.0,35830.0,37050.0,38230.0,40460.0,41600.0,44240.0,47090.0
Community Health Workers,42340.0,43480.0,44390.0,46000.0,47780.0,49900.0,52610.0,55970.0
"Community and Social Service Specialists, All Other",44780.0,46050.0,46900.0,49600.0,50510.0,51620.0,54020.0,58360.0
Religious Workers,47880.0,49790.0,52260.0,53790.0,54340.0,58480.0,60800.0,64360.0
Clergy,50800.0,53290.0,55190.0,56560.0,57230.0,60180.0,63720.0,67160.0
"Directors, Religious Activities and Education",45470.0,46980.0,50490.0,52660.0,52880.0,60540.0,61740.0,65040.0
"Religious Workers, All Other",36380.0,35860.0,39830.0,40070.0,43290.0,45420.0,45050.0,49830.0
"Lawyers, Judges, and Related Workers",137660.0,139850.0,141180.0,144970.0,144470.0,159710.0,171480.0,177570.0
Lawyers,141890.0,144230.0,145300.0,148910.0,148030.0,163770.0,176470.0,182760.0
Judicial Law Clerks,57920.0,59540.0,59890.0,63860.0,62730.0,66310.0,64880.0,69850.0
"Administrative Law Judges, Adjudicators, and Hearing Officers",98280.0,101210.0,100230.0,102050.0,104160.0,97250.0,119940.0,122620.0
"Arbitrators, Mediators, and Conciliators",73020.0,72760.0,73720.0,76440.0,62350.0,98920.0,95370.0,91170.0
"Judges, Magistrate Judges, and Magistrates",121050.0,121130.0,128550.0,131850.0,142520.0,153700.0,139000.0,143110.0
Legal Support Workers,55330.0,56130.0,56320.0,57890.0,59190.0,63640.0,67290.0,67810.0
Paralegals and Legal Assistants,53910.0,54500.0,55020.0,56610.0,58330.0,62840.0,66460.0,66510.0
Court Reporters,60060.0,62390.0,,,,,,
"Title Examiners, Abstractors, and Searchers",51180.0,51380.0,52050.0,52950.0,52390.0,57030.0,59440.0,59600.0
"Legal Support Workers, All Other",67960.0,71420.0,70840.0,73320.0,73000.0,77200.0,82960.0,86220.0
Postsecondary Teachers,82880.0,85190.0,90830.0,93330.0,95200.0,96130.0,101750.0,102410.0
"Business Teachers, Postsecondary",100270.0,103330.0,105440.0,107270.0,105720.0,108060.0,113240.0,113840.0
"Computer Science Teachers, Postsecondary",91590.0,96200.0,98430.0,98680.0,89610.0,98610.0,106380.0,105830.0
"Mathematical Science Teachers, Postsecondary",84710.0,87140.0,86330.0,86760.0,87980.0,90110.0,95320.0,92880.0
"Architecture Teachers, Postsecondary",91000.0,99320.0,98980.0,100820.0,98600.0,104370.0,114900.0,110360.0
"Engineering Teachers, Postsecondary",109830.0,113680.0,112110.0,114130.0,115590.0,114470.0,120630.0,119340.0
"Agricultural Sciences Teachers, Postsecondary",91690.0,90890.0,89320.0,96200.0,97520.0,96650.0,95610.0,97790.0
"Biological Science Teachers, Postsecondary",93010.0,97340.0,98700.0,101320.0,98710.0,97800.0,102270.0,101340.0
"Forestry and Conservation Science Teachers, Postsecondary",93200.0,92550.0,90940.0,92420.0,93510.0,98160.0,102230.0,103780.0
"Atmospheric, Earth, Marine, and Space Sciences Teachers, Postsecondary",98560.0,101890.0,102690.0,104710.0,102840.0,107540.0,111930.0,112950.0
"Chemistry Teachers, Postsecondary",90610.0,92360.0,92650.0,94630.0,94060.0,95250.0,102630.0,103030.0
"Environmental Science Teachers, Postsecondary",87660.0,91330.0,93450.0,94520.0,92210.0,91450.0,100910.0,100360.0
"Physics Teachers, Postsecondary",101190.0,103830.0,101110.0,101290.0,99480.0,100810.0,106950.0,105460.0
"Anthropology and Archeology Teachers, Postsecondary",93500.0,94080.0,95140.0,98740.0,102110.0,98940.0,103640.0,102530.0
"Area, Ethnic, and Cultural Studies Teachers, Postsecondary",83330.0,85450.0,88410.0,88790.0,91680.0,92980.0,100390.0,97350.0
"Economics Teachers, Postsecondary",114820.0,117180.0,119160.0,123720.0,124090.0,122750.0,133650.0,133140.0
"Geography Teachers, Postsecondary",87810.0,88950.0,86540.0,87160.0,88150.0,87880.0,97660.0,99020.0
"Political Science Teachers, Postsecondary",98620.0,99480.0,102290.0,100970.0,98980.0,98420.0,104910.0,105160.0
"Psychology Teachers, Postsecondary",85050.0,88490.0,87530.0,89960.0,88390.0,88470.0,93990.0,93530.0
"Sociology Teachers, Postsecondary",83840.0,83310.0,85240.0,85180.0,87850.0,90200.0,97580.0,97270.0
"Social Sciences Teachers, Postsecondary, All Other",79050.0,87950.0,85390.0,85670.0,87320.0,89350.0,91710.0,92950.0
"Health Specialties Teachers, Postsecondary",122890.0,122320.0,121620.0,124890.0,133310.0,127640.0,134440.0,137900.0
"Nursing Instructors and Teachers, Postsecondary",77360.0,81350.0,83160.0,84060.0,82040.0,84180.0,86530.0,87090.0
"Education Teachers, Postsecondary",72410.0,73680.0,74560.0,75010.0,76990.0,78540.0,80750.0,78500.0
"Library Science Teachers, Postsecondary",73680.0,75450.0,77170.0,77560.0,80850.0,81720.0,88190.0,84320.0
"Criminal Justice and Law Enforcement Teachers, Postsecondary",68980.0,72390.0,72980.0,74740.0,81730.0,78980.0,83470.0,84820.0
"Law Teachers, Postsecondary",129840.0,130710.0,129950.0,134760.0,130820.0,133950.0,142440.0,139950.0
"Social Work Teachers, Postsecondary",74560.0,77520.0,77910.0,78110.0,77650.0,75330.0,80840.0,81880.0
"Art, Drama, and Music Teachers, Postsecondary",78720.0,82560.0,83220.0,84780.0,86240.0,93440.0,100840.0,102240.0
"Communications Teachers, Postsecondary",75640.0,78090.0,79830.0,80940.0,84580.0,84700.0,90950.0,90340.0
"English Language and Literature Teachers, Postsecondary",77660.0,78150.0,80180.0,81340.0,82680.0,83130.0,87090.0,90400.0
"Foreign Language and Literature Teachers, Postsecondary",75950.0,79160.0,80170.0,80410.0,82990.0,83300.0,88490.0,87670.0
"History Teachers, Postsecondary",82900.0,83990.0,84210.0,85630.0,86460.0,88640.0,93120.0,93710.0
"Philosophy and Religion Teachers, Postsecondary",78790.0,82420.0,88970.0,90160.0,88260.0,87100.0,89680.0,88210.0
Graduate Teaching Assistants,37720.0,36390.0,,,,,,
"Home Economics Teachers, Postsecondary",77220.0,77170.0,,,,,,
"Recreation and Fitness Studies Teachers, Postsecondary",69560.0,72190.0,73720.0,75430.0,79080.0,82020.0,87340.0,87980.0
"Vocational Education Teachers, Postsecondary",56630.0,58520.0,,,,,,
"Postsecondary Teachers, All Other",74630.0,76990.0,80720.0,86430.0,92200.0,91760.0,96570.0,94470.0
"Preschool, Primary, Secondary, and Special Education School Teachers",58780.0,59980.0,,,,,,
"Preschool Teachers, Except Special Education",33590.0,34410.0,34650.0,36550.0,36460.0,38640.0,41410.0,41450.0
"Kindergarten Teachers, Except Special Education",57110.0,58370.0,60210.0,61170.0,64490.0,65120.0,67790.0,67020.0
"Elementary School Teachers, Except Special Education",60830.0,62200.0,63930.0,65420.0,67080.0,68000.0,70740.0,69790.0
"Middle School Teachers, Except Special and Career/Technical Education",61040.0,62030.0,63550.0,64990.0,66880.0,67790.0,71460.0,70040.0
"Career/Technical Education Teachers, Middle School",61680.0,62570.0,64900.0,66950.0,69410.0,67680.0,69020.0,68690.0
"Secondary School Teachers, Except Special and Career/Technical Education",62860.0,64340.0,65930.0,67340.0,69530.0,69480.0,73800.0,73700.0
"Career/Technical Education Teachers, Secondary School",61010.0,62810.0,64800.0,65870.0,68960.0,67610.0,70810.0,70550.0
"Special Education Teachers, Preschool",58390.0,61610.0,67060.0,68110.0,71970.0,69620.0,76420.0,72610.0
"Special Education Teachers, Kindergarten and Elementary School",61960.0,63110.0,64420.0,64790.0,67090.0,68580.0,71770.0,70150.0
"Special Education Teachers, Middle School",63250.0,64390.0,65740.0,66300.0,68860.0,69530.0,73630.0,72310.0
"Special Education Teachers, Secondary School",64590.0,65320.0,65710.0,66490.0,70100.0,71290.0,74670.0,74610.0
"Special Education Teachers, All Other",60750.0,62500.0,65350.0,67670.0,71330.0,74310.0,76000.0,74180.0
Other Teachers and Instructors,39290.0,40250.0,40730.0,43520.0,46490.0,48700.0,50650.0,51270.0
Adult Basic and Secondary Education and Literacy Teachers and Instructors,56800.0,58110.0,,,,,,
Self-Enrichment Education Teachers,44630.0,44960.0,,,,,,
"Teachers and Instructors, All Other, Except Substitute Teachers",47490.0,48040.0,,,,,,
Substitute Teachers,31510.0,32360.0,,,,,,
"Librarians, Curators, and Archivists",50540.0,51290.0,52330.0,54400.0,55520.0,56750.0,59680.0,60220.0
Archivists,55470.0,56400.0,57500.0,61210.0,61880.0,63980.0,65700.0,67620.0
Curators,58830.0,58490.0,59130.0,61650.0,63880.0,67490.0,70870.0,70060.0
Museum Technicians and Conservators,44970.0,46870.0,48030.0,49990.0,52030.0,52820.0,54890.0,53630.0
Librarians,60760.0,61530.0,,,,,,
Library Technicians,35510.0,36080.0,36950.0,39630.0,39070.0,40590.0,42570.0,43050.0
"Other Education, Training, and Library Occupations",33320.0,34110.0,,,,,,
Audio-Visual and Multimedia Collections Specialists,51290.0,52270.0,,,,,,
Farm and Home Management Advisors,52220.0,52700.0,,,,,,
Instructional Coordinators,66680.0,67490.0,69180.0,70160.0,70560.0,73080.0,77200.0,77600.0
Teacher Assistants,27950.0,28750.0,,,,,,
"Education, Training, and Library Workers, All Other",47200.0,46680.0,,,,,,
Art and Design Workers,53910.0,55230.0,57290.0,59150.0,58910.0,65180.0,65190.0,67730.0
Art Directors,103510.0,104590.0,109600.0,114490.0,115430.0,124310.0,125920.0,128100.0
Craft Artists,41180.0,40490.0,38740.0,38260.0,40730.0,49180.0,43610.0,45340.0
"Fine Artists, Including Painters, Sculptors, and Illustrators",57520.0,58370.0,63030.0,65020.0,69010.0,69870.0,71420.0,76450.0
Multimedia Artists and Animators,76560.0,78230.0,,,,,,
"Artists and Related Workers, All Other",66590.0,67700.0,67750.0,69650.0,67240.0,74130.0,78890.0,79490.0
Commercial and Industrial Designers,70540.0,71430.0,73820.0,76290.0,79680.0,81740.0,81870.0,88000.0
Fashion Designers,78870.0,87610.0,86110.0,87210.0,83650.0,85760.0,97030.0,122430.0
Floral Designers,28220.0,28900.0,29760.0,30670.0,32100.0,34310.0,35500.0,37700.0
Graphic Designers,53280.0,54680.0,56510.0,58370.0,59970.0,64500.0,64700.0,68610.0
Interior Designers,58210.0,59120.0,60990.0,61400.0,62570.0,67460.0,68530.0,71430.0
Merchandise Displayers and Window Trimmers,30940.0,31850.0,32940.0,34550.0,35520.0,38120.0,39040.0,40540.0
Set and Exhibit Designers,59590.0,61020.0,62480.0,64610.0,62960.0,68490.0,67170.0,78450.0
"Designers, All Other",66400.0,68610.0,73510.0,71340.0,73480.0,76430.0,75960.0,78000.0
"Entertainers and Performers, Sports and Related Workers",59860.0,59900.0,62600.0,65700.0,71870.0,85030.0,85310.0,85710.0
Actors,,,,,,,,
Producers and Directors,90770.0,89840.0,93940.0,96690.0,101950.0,110660.0,107170.0,114280.0
Athletes and Sports Competitors,88300.0,87030.0,93140.0,94740.0,116930.0,358080.0,328830.0,259750.0
Coaches and Scouts,42540.0,43870.0,44910.0,47100.0,50550.0,57450.0,58700.0,58910.0
"Umpires, Referees, and Other Sports Officials",35080.0,36440.0,38810.0,40140.0,51710.0,49030.0,44860.0,52800.0
Dancers,,,,,,,,
Choreographers,52970.0,53560.0,53590.0,52000.0,49630.0,58740.0,59090.0,62020.0
Music Directors and Composers,61490.0,59790.0,64670.0,65720.0,65080.0,95430.0,87840.0,84230.0
Musicians and Singers,,,,,,,,
"Entertainers and Performers, Sports and Related Workers, All Other",,,,,,,,
Media and Communication Workers,64620.0,65980.0,67830.0,70180.0,71760.0,84890.0,81400.0,83030.0
Radio and Television Announcers,47630.0,51630.0,,,,,,
Public Address System and Other Announcers,41740.0,39040.0,,,,,,
Broadcast News Analysts,88250.0,91990.0,,,,,,
Reporters and Correspondents,51550.0,55530.0,,,,,,
Public Relations Specialists,67990.0,68440.0,70190.0,71940.0,73250.0,78540.0,77720.0,80310.0
Editors,68230.0,69480.0,71910.0,73910.0,76400.0,84820.0,85110.0,85700.0
Technical Writers,74440.0,75500.0,76860.0,78590.0,81470.0,86760.0,86620.0,92330.0
Writers and Authors,72120.0,73090.0,73860.0,78680.0,81120.0,91560.0,87590.0,85780.0
Interpreters and Translators,51790.0,55230.0,57000.0,58140.0,58400.0,61730.0,63080.0,64950.0
"Media and Communication Workers, All Other",53160.0,52430.0,53060.0,55540.0,59400.0,113840.0,87140.0,84870.0
Media and Communication Equipment Workers,55780.0,55970.0,57950.0,59990.0,58970.0,67310.0,65880.0,67410.0
Audio and Video Equipment Technicians,47530.0,48940.0,,,,,,
Broadcast Technicians,46730.0,46770.0,46800.0,49250.0,51280.0,84860.0,71600.0,64220.0
Radio Operators,44490.0,44710.0,,,,,,
Sound Engineering Technicians,68180.0,63500.0,67090.0,67210.0,67360.0,75590.0,74100.0,79280.0
Photographers,41940.0,42770.0,45440.0,50290.0,48210.0,50210.0,53380.0,55650.0
"Camera Operators, Television, Video, and Motion Picture",61530.0,61750.0,,,,,,
Film and Video Editors,83950.0,86830.0,87300.0,83880.0,76000.0,80990.0,83470.0,83530.0
"Media and Communication Equipment Workers, All Other",77520.0,77080.0,,,69290.0,74490.0,75860.0,78350.0
Health Diagnosing and Treating Practitioners,100780.0,101960.0,,,,,,
Chiropractors,83350.0,85870.0,85010.0,83830.0,81240.0,83720.0,89760.0,91830.0
"Dentists, General",174110.0,175840.0,178260.0,180830.0,167160.0,172290.0,191750.0,196100.0
Oral and Maxillofacial Surgeons,242740.0,242370.0,237570.0,234990.0,311460.0,309410.0,334310.0,360240.0
Orthodontists,229380.0,225760.0,230830.0,237990.0,267280.0,216320.0,243620.0,254620.0
Prosthodontists,196960.0,191400.0,220840.0,214870.0,143730.0,,240750.0,258660.0
"Dentists, All Other Specialists",199980.0,178800.0,178040.0,194930.0,179400.0,233430.0,244470.0,246530.0
Dietitians and Nutritionists,60150.0,61210.0,62330.0,64150.0,65620.0,69350.0,71280.0,74770.0
Optometrists,119100.0,119980.0,122980.0,125440.0,125440.0,133100.0,143000.0,140940.0
Pharmacists,121710.0,123670.0,125510.0,125460.0,125690.0,129410.0,134790.0,137210.0
Anesthesiologists,265990.0,267020.0,261730.0,271440.0,331190.0,302970.0,339470.0,336640.0
Family and General Practitioners,208560.0,211780.0,,,,,,
"Internists, General",198370.0,196490.0,,,,,,
Obstetricians and Gynecologists,235240.0,238320.0,233610.0,239120.0,296210.0,277320.0,278660.0,281130.0
"Pediatricians, General",187540.0,183240.0,184410.0,184570.0,198420.0,203240.0,205860.0,222340.0
Psychiatrists,216090.0,220380.0,220430.0,217100.0,249760.0,247350.0,256930.0,269120.0
Surgeons,251890.0,255110.0,,,,,,
"Physicians and Surgeons, All Other",211390.0,203880.0,,,,,,
Physician Assistants,104760.0,108430.0,112410.0,116080.0,119460.0,125270.0,130490.0,136900.0
Podiatrists,148470.0,148220.0,142680.0,151110.0,158380.0,157970.0,162520.0,163960.0
Occupational Therapists,84640.0,85350.0,86210.0,87480.0,89470.0,92800.0,96790.0,98240.0
Physical Therapists,88080.0,88880.0,90170.0,91680.0,92920.0,97960.0,100440.0,102400.0
Radiation Therapists,85190.0,86730.0,91620.0,94300.0,94000.0,98340.0,104420.0,110820.0
Recreational Therapists,49670.0,50640.0,51130.0,51260.0,53900.0,56310.0,60910.0,65350.0
Respiratory Therapists,61810.0,62500.0,63950.0,65640.0,68190.0,74310.0,80340.0,84260.0
Speech-Language Pathologists,79770.0,80700.0,82000.0,83240.0,85820.0,89460.0,92630.0,95840.0
Exercise Physiologists,54730.0,54760.0,54750.0,54020.0,54030.0,55820.0,57050.0,59620.0
"Therapists, All Other",58290.0,57680.0,58600.0,62090.0,65030.0,71860.0,75660.0,73800.0
Veterinarians,101530.0,105240.0,104820.0,108350.0,109920.0,129110.0,136300.0,140270.0
Registered Nurses,73550.0,75510.0,77460.0,80010.0,82750.0,89010.0,94480.0,98430.0
Nurse Anesthetists,169450.0,174790.0,181040.0,189190.0,202470.0,205770.0,214200.0,231700.0
Nurse Midwives,103640.0,106910.0,108810.0,115540.0,114210.0,122450.0,131570.0,128110.0
Nurse Practitioners,107480.0,110030.0,111840.0,114510.0,118040.0,124680.0,128490.0,132000.0
Audiologists,80040.0,82210.0,83900.0,89230.0,86050.0,89490.0,92620.0,95320.0
"Health Diagnosing and Treating Practitioners, All Other",84210.0,85600.0,,,,,,
Health Technologists and Technicians,47310.0,48380.0,47540.0,48990.0,50300.0,53230.0,56950.0,59310.0
Clinical Laboratory Technologists and Technicians,53230.0,53880.0,54780.0,55990.0,56910.0,59130.0,62870.0,65320.0
Dental Hygienists,74680.0,75500.0,77230.0,78050.0,81360.0,84860.0,89890.0,93890.0
Cardiovascular Technologists and Technicians,57250.0,58730.0,59600.0,60940.0,62020.0,65490.0,70270.0,72890.0
Diagnostic Medical Sonographers,73200.0,73860.0,75780.0,77790.0,80680.0,84410.0,89020.0,92550.0
Nuclear Medicine Technologists,77660.0,78870.0,80240.0,82080.0,84850.0,89610.0,95080.0,99690.0
Radiologic Technologists,60320.0,61540.0,,,,,,
Magnetic Resonance Imaging Technologists,70490.0,72230.0,74270.0,75960.0,77820.0,81530.0,86600.0,91020.0
Emergency Medical Technicians and Paramedics,36700.0,37760.0,38830.0,40370.0,,,,
Dietetic Technicians,29610.0,30130.0,31180.0,32920.0,34160.0,36370.0,38440.0,39560.0
Pharmacy Technicians,33060.0,34020.0,35250.0,36450.0,37970.0,40260.0,43330.0,44800.0
Psychiatric Technicians,36070.0,37760.0,37550.0,38080.0,38000.0,40760.0,43650.0,45000.0
Respiratory Therapy Technicians,50900.0,51380.0,,,,,,
Surgical Technologists,48060.0,49040.0,50110.0,51510.0,53590.0,57500.0,62250.0,65810.0
Veterinary Technologists and Technicians,34710.0,35560.0,36670.0,37860.0,38250.0,40770.0,44040.0,46280.0
Ophthalmic Medical Technicians,37500.0,38220.0,38760.0,40010.0,41120.0,42480.0,44290.0,45360.0
Licensed Practical and Licensed Vocational Nurses,45710.0,47050.0,48500.0,50090.0,51850.0,55860.0,60790.0,64150.0
Medical Records and Health Information Technicians,42820.0,44010.0,,,,,,
"Opticians, Dispensing",39070.0,39930.0,40730.0,41380.0,43060.0,44890.0,47560.0,49970.0
Orthotists and Prosthetists,70970.0,73860.0,72810.0,74120.0,79820.0,78240.0,80500.0,81330.0
Hearing Aid Specialists,57030.0,55650.0,55360.0,54630.0,59960.0,62480.0,61550.0,63930.0
"Health Technologists and Technicians, All Other",46690.0,47450.0,,,49230.0,50790.0,54220.0,56370.0
Other Healthcare Practitioners and Technical Occupations,64870.0,66590.0,56620.0,59280.0,61470.0,64580.0,68300.0,70950.0
Occupational Health and Safety Specialists,73600.0,74940.0,76290.0,78110.0,78740.0,82110.0,85570.0,88660.0
Occupational Health and Safety Technicians,53930.0,55270.0,56470.0,57870.0,57560.0,63230.0,64250.0,63800.0
Athletic Trainers,48630.0,49280.0,50540.0,52230.0,54650.0,57810.0,61540.0,63960.0
Genetic Counselors,78130.0,80860.0,84310.0,89710.0,86640.0,93120.0,98130.0,102890.0
"Healthcare Practitioners and Technical Workers, All Other",60600.0,63340.0,,,64880.0,68170.0,70800.0,73200.0
"Nursing, Psychiatric, and Home Health Aides",27110.0,28180.0,,,,,,
Home Health Aides,24280.0,25330.0,,,,,,
Psychiatric Aides,29330.0,31090.0,32590.0,33300.0,34640.0,38620.0,41000.0,43610.0
Nursing Assistants,28540.0,29580.0,30720.0,32050.0,33250.0,36220.0,39610.0,41270.0
Orderlies,28990.0,29840.0,30710.0,31780.0,33440.0,36070.0,38440.0,40070.0
Occupational Therapy and Physical Therapist Assistants and Aides,49300.0,50130.0,51080.0,52400.0,53900.0,57370.0,59180.0,60070.0
Occupational Therapy Assistants,59470.0,60410.0,61880.0,63420.0,63560.0,66280.0,68170.0,68540.0
Occupational Therapy Aides,33780.0,32580.0,34310.0,34160.0,39230.0,43090.0,42060.0,41850.0
Physical Therapist Assistants,57620.0,57750.0,58520.0,59440.0,60740.0,64510.0,65860.0,67160.0
Physical Therapist Aides,27910.0,28500.0,29180.0,30110.0,30370.0,33210.0,34810.0,35510.0
Other Healthcare Support Occupations,35650.0,36500.0,37580.0,38540.0,39360.0,42070.0,44930.0,46380.0
Massage Therapists,44950.0,45880.0,47180.0,47350.0,49260.0,57060.0,62560.0,63430.0
Dental Assistants,38690.0,39770.0,41170.0,42310.0,42510.0,44710.0,47350.0,48860.0
Medical Assistants,33580.0,34540.0,35720.0,36930.0,38190.0,40700.0,43350.0,44720.0
Medical Equipment Preparers,37060.0,37990.0,39530.0,41070.0,42420.0,44940.0,47410.0,48990.0
Medical Transcriptionists,36400.0,36350.0,35210.0,37310.0,34220.0,37090.0,39090.0,39210.0
Pharmacy Aides,29030.0,29190.0,30490.0,32250.0,34560.0,35870.0,38980.0,40290.0
Veterinary Assistants and Laboratory Animal Caretakers,27570.0,28690.0,29690.0,30980.0,31780.0,34490.0,37310.0,38990.0
Phlebotomists,34710.0,35560.0,36480.0,37280.0,38450.0,40580.0,43130.0,44390.0
"Healthcare Support Workers, All Other",38600.0,39110.0,40010.0,41430.0,40690.0,43490.0,47010.0,48760.0
Supervisors of Protective Service Workers,74810.0,76380.0,77600.0,79080.0,81010.0,81500.0,87710.0,93120.0
First-Line Supervisors of Correctional Officers,66880.0,68350.0,69000.0,67600.0,69750.0,70190.0,76840.0,82260.0
First-Line Supervisors of Police and Detectives,91590.0,93100.0,94950.0,97180.0,98760.0,99410.0,106000.0,110990.0
First-Line Supervisors of Fire Fighting and Prevention Workers,79430.0,80310.0,,,,,,
"First-Line Supervisors of Protective Service Workers, All Other",52040.0,52730.0,,,63910.0,63730.0,67870.0,73320.0
Fire Fighting and Prevention Workers,52260.0,53630.0,,,,,,
Firefighters,51930.0,53240.0,54650.0,56360.0,55290.0,56310.0,60390.0,63890.0
Fire Inspectors and Investigators,62260.0,64140.0,64730.0,67680.0,69680.0,76910.0,82510.0,87440.0
Forest Fire Inspectors and Prevention Specialists,45990.0,49610.0,53350.0,52130.0,54340.0,56780.0,61090.0,61820.0
Law Enforcement Workers,59790.0,61190.0,62740.0,65240.0,66370.0,67580.0,72370.0,75550.0
Bailiffs,46190.0,49870.0,51840.0,51730.0,52340.0,54680.0,58460.0,62180.0
Correctional Officers and Jailers,47600.0,49300.0,50130.0,52340.0,53420.0,54760.0,58810.0,62760.0
Detectives and Criminal Investigators,83320.0,85020.0,86030.0,89300.0,90370.0,91610.0,95930.0,98770.0
Fish and Game Wardens,58570.0,59260.0,57690.0,57810.0,58190.0,59860.0,61120.0,67990.0
Parking Enforcement Workers,40840.0,42200.0,43420.0,44870.0,46050.0,44670.0,50430.0,51840.0
Police and Sheriff's Patrol Officers,64490.0,65400.0,67600.0,70000.0,70750.0,71380.0,76550.0,79320.0
Transit and Railroad Police,71280.0,74450.0,71120.0,71000.0,69570.0,76380.0,78230.0,91820.0
Other Protective Service Workers,31170.0,32430.0,33380.0,34940.0,36280.0,37220.0,40620.0,43140.0
Animal Control Workers,37580.0,38490.0,39710.0,40680.0,42620.0,43780.0,48150.0,49240.0
Private Detectives and Investigators,55080.0,56810.0,57000.0,60100.0,60970.0,59400.0,60270.0,61680.0
Gaming Surveillance Officers and Gaming Investigators,36160.0,36200.0,,,,,,
Security Guards,30730.0,32050.0,33030.0,34360.0,35830.0,36700.0,40440.0,42890.0
Crossing Guards,30170.0,31970.0,,,,,,
"Lifeguards, Ski Patrol, and Other Recreational Protective Service Workers",23570.0,24420.0,25380.0,27050.0,27320.0,28370.0,31340.0,34700.0
Transportation Security Screeners,40960.0,41860.0,42310.0,44920.0,46380.0,48520.0,51040.0,61840.0
"Protective Service Workers, All Other",33930.0,34650.0,,,42160.0,43270.0,47420.0,48210.0
Supervisors of Food Preparation and Serving Workers,37220.0,38070.0,39140.0,40010.0,41130.0,43330.0,45780.0,47540.0
Chefs and Head Cooks,49650.0,52160.0,56310.0,58740.0,56920.0,60210.0,62640.0,64720.0
First-Line Supervisors of Food Preparation and Serving Workers,35460.0,36190.0,36960.0,37880.0,39150.0,41020.0,43310.0,44900.0
Cooks and Food Preparation Workers,25040.0,26120.0,27100.0,27820.0,29380.0,31730.0,34010.0,35460.0
"Cooks, Fast Food",21610.0,22650.0,23530.0,24300.0,25490.0,27920.0,29760.0,31140.0
"Cooks, Institution and Cafeteria",27450.0,28290.0,29030.0,29940.0,31520.0,33670.0,35920.0,37310.0
"Cooks, Private Household",42990.0,41240.0,45600.0,46810.0,43260.0,45510.0,49790.0,51290.0
"Cooks, Restaurant",26440.0,27580.0,28700.0,29530.0,31630.0,33940.0,36060.0,37730.0
"Cooks, Short Order",24060.0,25140.0,26240.0,27030.0,28110.0,30770.0,33920.0,35660.0
"Cooks, All Other",29900.0,30360.0,32240.0,32350.0,33390.0,35120.0,37610.0,38000.0
Food Preparation Workers,23900.0,24830.0,25820.0,26820.0,28810.0,30720.0,32960.0,33940.0
Food and Beverage Serving Workers,23220.0,23940.0,24990.0,25930.0,27520.0,30540.0,33060.0,34650.0
Bartenders,26260.0,26780.0,28000.0,28910.0,30340.0,34490.0,37090.0,39880.0
"Combined Food Preparation and Serving Workers, Including Fast Food",21230.0,22140.0,,,,,,
"Counter Attendants, Cafeteria, Food Concession, and Coffee Shop",22530.0,23240.0,,,,,,
Waiters and Waitresses,25280.0,25830.0,26800.0,27470.0,29010.0,33020.0,36530.0,38360.0
"Food Servers, Nonrestaurant",24150.0,24980.0,26080.0,27460.0,29500.0,31940.0,33840.0,35030.0
Other Food Preparation and Serving Related Workers,22580.0,23540.0,24590.0,25740.0,27170.0,29600.0,31970.0,33380.0
Dining Room and Cafeteria Attendants and Bartender Helpers,23050.0,23950.0,25020.0,26300.0,27690.0,30290.0,32730.0,34190.0
Dishwashers,22210.0,23190.0,24410.0,25600.0,27350.0,29560.0,31650.0,33220.0
"Hosts and Hostesses, Restaurant, Lounge, and Coffee Shop",22290.0,23260.0,24010.0,24800.0,26000.0,28380.0,30750.0,32030.0
"Food Preparation and Serving Related Workers, All Other",24380.0,25430.0,26510.0,27880.0,28760.0,31990.0,35430.0,35990.0
Supervisors of Building and Grounds Cleaning and Maintenance Workers,45380.0,46380.0,47430.0,49110.0,48620.0,50980.0,53770.0,54580.0
First-Line Supervisors of Housekeeping and Janitorial Workers,42380.0,43150.0,44160.0,45500.0,45100.0,47430.0,49980.0,51170.0
"First-Line Supervisors of Landscaping, Lawn Service, and Groundskeeping Workers",50020.0,51280.0,52340.0,54040.0,53270.0,55770.0,58920.0,59380.0
Building Cleaning and Pest Control Workers,27170.0,28200.0,29350.0,30760.0,31590.0,33730.0,36100.0,37400.0
"Janitors and Cleaners, Except Maids and Housekeeping Cleaners",27900.0,28950.0,30010.0,31410.0,31860.0,33960.0,36250.0,37460.0
Maids and Housekeeping Cleaners,24630.0,25570.0,26810.0,28010.0,29580.0,31920.0,34650.0,36180.0
"Building Cleaning Workers, All Other",31690.0,32710.0,35270.0,38860.0,38530.0,41360.0,43740.0,44150.0
Pest Control Workers,36610.0,37950.0,39910.0,40350.0,40640.0,42210.0,44650.0,45800.0
Grounds Maintenance Workers,30330.0,31600.0,33100.0,34590.0,35960.0,38100.0,40620.0,41750.0
Landscaping and Groundskeeping Workers,29700.0,30940.0,32360.0,33800.0,35240.0,37270.0,39790.0,40880.0
"Pesticide Handlers, Sprayers, and Applicators, Vegetation",37370.0,38210.0,39230.0,39130.0,40500.0,42560.0,44480.0,45960.0
Tree Trimmers and Pruners,38580.0,40510.0,42510.0,44040.0,47450.0,49820.0,52850.0,54970.0
"Grounds Maintenance Workers, All Other",34850.0,35710.0,37870.0,40270.0,39120.0,43750.0,46540.0,47180.0
Supervisors of Personal Care and Service Workers,41690.0,42710.0,44400.0,46350.0,46950.0,48790.0,51690.0,52440.0
First-Line Supervisors of Gaming Workers,49600.0,50250.0,,,,,,
First-Line Supervisors of Personal Service Workers,40550.0,41710.0,,,45730.0,47330.0,50090.0,50920.0
Animal Care and Service Workers,25840.0,26540.0,27720.0,29060.0,30100.0,32780.0,34290.0,35490.0
Animal Trainers,34760.0,35260.0,36240.0,37950.0,38230.0,41820.0,44910.0,45780.0
Nonfarm Animal Caretakers,25170.0,25890.0,,,,,,
Entertainment Attendants and Related Workers,23390.0,24050.0,25060.0,26560.0,27170.0,29830.0,32250.0,33380.0
Gaming Dealers,22910.0,23070.0,,,,,,
Gaming and Sports Book Writers and Runners,27550.0,27640.0,,,,,,
"Gaming Service Workers, All Other",29910.0,31260.0,,,,,,
Motion Picture Projectionists,24790.0,25820.0,29890.0,34380.0,32970.0,35710.0,43800.0,50290.0
"Ushers, Lobby Attendants, and Ticket Takers",22580.0,23610.0,24870.0,26390.0,26390.0,28700.0,30520.0,31770.0
Amusement and Recreation Attendants,22760.0,23460.0,24330.0,25610.0,26110.0,28350.0,30240.0,31350.0
Costume Attendants,47700.0,46010.0,48970.0,51780.0,54590.0,55070.0,60230.0,65890.0
"Locker Room, Coatroom, and Dressing Room Attendants",25670.0,26720.0,28230.0,29320.0,30220.0,32560.0,34590.0,36490.0
"Entertainment Attendants and Related Workers, All Other",29010.0,29690.0,31790.0,32580.0,29680.0,30810.0,34670.0,36180.0
Funeral Service Workers,39780.0,41130.0,,,42800.0,45010.0,45520.0,45890.0
Embalmers,45040.0,46640.0,50100.0,50220.0,51210.0,54120.0,56690.0,57520.0
Funeral Attendants,27120.0,28480.0,29830.0,31130.0,31630.0,34340.0,35200.0,35900.0
"Morticians, Undertakers, and Funeral Directors",56300.0,57620.0,,,,,,
Personal Appearance Workers,29840.0,30040.0,31700.0,33460.0,35350.0,38720.0,41510.0,42480.0
Barbers,30480.0,33220.0,35190.0,38050.0,35700.0,39350.0,41570.0,47800.0
"Hairdressers, Hairstylists, and Cosmetologists",30490.0,30190.0,31530.0,32740.0,35990.0,38910.0,41780.0,43460.0
"Makeup Artists, Theatrical and Performance",69310.0,72030.0,81600.0,99990.0,124380.0,93850.0,68590.0,75410.0
Manicurists and Pedicurists,24980.0,25860.0,27390.0,29010.0,30480.0,33560.0,36480.0,36910.0
Shampooers,21650.0,22160.0,22910.0,24320.0,25160.0,27870.0,29260.0,30830.0
Skincare Specialists,35130.0,36350.0,38970.0,41230.0,41700.0,47790.0,51100.0,48670.0
"Baggage Porters, Bellhops, and Concierges",29110.0,30070.0,31330.0,32580.0,34680.0,36140.0,38530.0,39190.0
Baggage Porters and Bellhops,26100.0,26990.0,28230.0,29060.0,30040.0,33130.0,36100.0,36960.0
Concierges,32700.0,33550.0,34290.0,35310.0,37520.0,38270.0,40230.0,40770.0
Tour and Travel Guides,29180.0,29630.0,30670.0,32200.0,33200.0,37790.0,40280.0,43090.0
Other Personal Care and Service Workers,26280.0,27190.0,,,33260.0,36080.0,38340.0,39230.0
Childcare Workers,23760.0,24610.0,25510.0,26790.0,27680.0,29570.0,32070.0,33140.0
Personal Care Aides,24100.0,25090.0,,,,,,
Fitness Trainers and Aerobics Instructors,43720.0,44580.0,,,,,,
Recreation Workers,27950.0,28310.0,29330.0,30960.0,32020.0,34170.0,36270.0,37170.0
Residential Advisors,28850.0,29970.0,31610.0,33430.0,34950.0,37530.0,40200.0,41590.0
"Personal Care and Service Workers, All Other",27760.0,28270.0,,,30790.0,33580.0,37190.0,37990.0
Supervisors of Sales Workers,50480.0,51930.0,52900.0,55200.0,54880.0,58450.0,60140.0,59830.0
First-Line Supervisors of Retail Sales Workers,43580.0,45080.0,45830.0,47300.0,46890.0,50130.0,52030.0,52350.0
First-Line Supervisors of Non-Retail Sales Workers,83370.0,84600.0,86180.0,90120.0,92320.0,96890.0,99020.0,97870.0
Retail Sales Workers,25560.0,26520.0,27600.0,29010.0,30060.0,32500.0,34520.0,35470.0
Cashiers,22130.0,23240.0,24370.0,25710.0,26770.0,28730.0,30710.0,31810.0
Gaming Change Persons and Booth Cashiers,25950.0,27220.0,,,,,,
Counter and Rental Clerks,29740.0,31200.0,32600.0,34700.0,36170.0,39320.0,41630.0,43700.0
Parts Salespersons,32920.0,34080.0,35220.0,36350.0,36920.0,39250.0,41080.0,42390.0
Retail Salespersons,27460.0,28310.0,29360.0,30940.0,31920.0,34730.0,36690.0,37150.0
"Sales Representatives, Services",69680.0,71490.0,71660.0,75170.0,74770.0,81230.0,85860.0,86380.0
Advertising Sales Agents,61020.0,63360.0,64660.0,68040.0,66540.0,73260.0,75820.0,76350.0
Insurance Sales Agents,66990.0,67890.0,67780.0,69100.0,69340.0,76950.0,79700.0,81510.0
"Securities, Commodities, and Financial Services Sales Agents",97440.0,98770.0,93090.0,96540.0,93260.0,100740.0,109710.0,110400.0
Travel Agents,40840.0,42720.0,44690.0,46650.0,46580.0,48250.0,50040.0,52690.0
"Sales Representatives, Services, All Other",63050.0,64860.0,,,,,,
"Sales Representatives, Wholesale and Manufacturing",72540.0,73680.0,75180.0,78310.0,77750.0,83030.0,86920.0,87690.0
"Sales Representatives, Wholesale and Manufacturing, Technical and Scientific Products",92010.0,91830.0,92980.0,99680.0,102750.0,109950.0,113520.0,114520.0
"Sales Representatives, Wholesale and Manufacturing, Except Technical and Scientific Products",67960.0,69480.0,71110.0,73500.0,72390.0,76890.0,80490.0,81470.0
Other Sales and Related Workers,49340.0,51380.0,53500.0,54890.0,53580.0,64480.0,66760.0,68850.0
Demonstrators and Product Promoters,31830.0,33260.0,35320.0,37080.0,36990.0,38470.0,41090.0,43730.0
Models,31870.0,31570.0,36430.0,54050.0,,77310.0,68700.0,81540.0
Real Estate Brokers,75910.0,78940.0,81450.0,81630.0,86490.0,90930.0,86130.0,91660.0
Real Estate Sales Agents,59630.0,61720.0,62060.0,62990.0,61480.0,65850.0,69610.0,70970.0
Sales Engineers,106950.0,108610.0,112780.0,117270.0,118630.0,125460.0,130550.0,130410.0
Telemarketers,27670.0,28550.0,29770.0,30930.0,30670.0,33600.0,36680.0,36340.0
"Door-to-Door Sales Workers, News and Street Vendors, and Related Workers",28260.0,34120.0,35150.0,36740.0,34970.0,36280.0,42200.0,39890.0
"Sales and Related Workers, All Other",40180.0,40480.0,40620.0,39750.0,38840.0,56440.0,54150.0,57030.0
Supervisors of Office and Administrative Support Workers,58540.0,59340.0,60130.0,62010.0,63380.0,65510.0,68620.0,71560.0
First-Line Supervisors of Office and Administrative Support Workers,58540.0,59340.0,60130.0,62010.0,63380.0,65510.0,68620.0,71560.0
Communications Equipment Operators,31390.0,32140.0,33890.0,35050.0,35310.0,37870.0,40570.0,42670.0
"Switchboard Operators, Including Answering Service",30550.0,31290.0,33030.0,33980.0,34590.0,37230.0,40020.0,42130.0
Telephone Operators,38410.0,39360.0,37940.0,39340.0,39370.0,41590.0,42100.0,42880.0
"Communications Equipment Operators, All Other",42910.0,43410.0,46050.0,49260.0,49470.0,50140.0,53240.0,55890.0
Financial Clerks,38580.0,39660.0,40770.0,41920.0,43340.0,45600.0,47860.0,50200.0
Bill and Account Collectors,37650.0,38220.0,39300.0,40630.0,41280.0,42820.0,46020.0,48370.0
Billing and Posting Clerks,38460.0,39520.0,40620.0,41610.0,42750.0,44800.0,47120.0,49490.0
"Bookkeeping, Accounting, and Auditing Clerks",41110.0,42110.0,42960.0,44100.0,45140.0,47440.0,49580.0,52020.0
Gaming Cage Workers,28210.0,28980.0,,,,,,
Payroll and Timekeeping Clerks,44950.0,46110.0,47390.0,48290.0,49560.0,52300.0,54690.0,56870.0
Procurement Clerks,42320.0,43180.0,43980.0,45400.0,44930.0,46560.0,47940.0,50430.0
Tellers,28880.0,30140.0,31660.0,32960.0,34930.0,36800.0,38850.0,40940.0
"Financial Clerks, All Other",42630.0,43670.0,44740.0,46310.0,47830.0,49710.0,52690.0,55330.0
Information and Record Clerks,34930.0,35750.0,36580.0,37900.0,38670.0,40500.0,42610.0,44580.0
Brokerage Clerks,52850.0,53940.0,55190.0,58460.0,57710.0,59200.0,63130.0,67680.0
Correspondence Clerks,38100.0,38990.0,39570.0,40070.0,41710.0,42560.0,46940.0,46610.0
"Court, Municipal, and License Clerks",39760.0,41100.0,42030.0,43490.0,44870.0,46280.0,48760.0,51200.0
"Credit Authorizers, Checkers, and Clerks",39670.0,40670.0,41880.0,43580.0,44540.0,46180.0,50380.0,51270.0
Customer Service Representatives,35650.0,36470.0,37320.0,38510.0,39070.0,41190.0,43520.0,45380.0
"Eligibility Interviewers, Government Programs",44620.0,46480.0,47110.0,47990.0,48570.0,50020.0,51840.0,53970.0
File Clerks,32200.0,33810.0,34610.0,36140.0,36820.0,39560.0,40730.0,43700.0
"Hotel, Motel, and Resort Desk Clerks",24250.0,25130.0,25950.0,26900.0,28040.0,30300.0,32570.0,34740.0
"Interviewers, Except Eligibility and Loan",34570.0,35520.0,36390.0,37640.0,38840.0,41140.0,42750.0,45400.0
"Library Assistants, Clerical",28170.0,28960.0,29820.0,30740.0,32490.0,33980.0,35970.0,37910.0
Loan Interviewers and Clerks,40610.0,41310.0,41960.0,42780.0,44910.0,46740.0,48660.0,51050.0
New Accounts Clerks,36560.0,37000.0,38490.0,39870.0,41250.0,42880.0,44670.0,47610.0
Order Clerks,35330.0,35790.0,36600.0,37660.0,41820.0,40540.0,43530.0,46270.0
"Human Resources Assistants, Except Payroll and Timekeeping",40700.0,41620.0,42620.0,44170.0,44840.0,46900.0,48800.0,50950.0
Receptionists and Information Clerks,29640.0,30350.0,31250.0,32410.0,32910.0,34600.0,36590.0,38480.0
Reservation and Transportation Ticket Agents and Travel Clerks,39850.0,41730.0,44390.0,45710.0,45630.0,45440.0,46820.0,47720.0
"Information and Record Clerks, All Other",40690.0,41900.0,42410.0,43880.0,43950.0,45910.0,47840.0,50200.0
"Material Recording, Scheduling, Dispatching, and Distributing Workers",34790.0,35950.0,43950.0,44930.0,45710.0,47770.0,50430.0,52440.0
Cargo and Freight Agents,44980.0,46070.0,46770.0,47170.0,48420.0,49740.0,52460.0,55420.0
Couriers and Messengers,30000.0,30620.0,31640.0,33010.0,34270.0,36250.0,38350.0,40060.0
"Police, Fire, and Ambulance Dispatchers",42020.0,43290.0,,,,,,
"Dispatchers, Except Police, Fire, and Ambulance",42150.0,42940.0,44100.0,44860.0,46650.0,48350.0,50830.0,53150.0
"Meter Readers, Utilities",43410.0,44640.0,46250.0,46160.0,47430.0,49800.0,53610.0,55810.0
Postal Service Clerks,49730.0,50860.0,50610.0,51200.0,53210.0,56400.0,59240.0,61070.0
Postal Service Mail Carriers,50020.0,51780.0,52180.0,53180.0,54370.0,56240.0,59340.0,59880.0
"Postal Service Mail Sorters, Processors, and Processing Machine Operators",50160.0,51250.0,51190.0,51440.0,51010.0,52990.0,56350.0,58310.0
"Production, Planning, and Expediting Clerks",49020.0,50020.0,50640.0,52000.0,52220.0,55080.0,57610.0,60420.0
"Shipping, Receiving, and Traffic Clerks",33790.0,34980.0,,,,,,
Stock Clerks and Order Fillers,27450.0,28520.0,,,,,,
"Weighers, Measurers, Checkers, and Samplers, Recordkeeping",32330.0,34100.0,36650.0,38080.0,39540.0,41470.0,44240.0,46660.0
Secretaries and Administrative Assistants,41060.0,42320.0,43410.0,44800.0,45250.0,47670.0,49810.0,52070.0
Executive Secretaries and Executive Administrative Assistants,59400.0,61550.0,62920.0,65230.0,66870.0,71060.0,73680.0,77060.0
Legal Secretaries,48600.0,50040.0,,,,,,
Medical Secretaries,35870.0,37090.0,,,,,,
"Secretaries and Administrative Assistants, Except Legal, Medical, and Executive",36920.0,38030.0,39180.0,40420.0,41080.0,43410.0,45490.0,47640.0
Other Office and Administrative Support Workers,34800.0,35940.0,36920.0,38290.0,39480.0,41550.0,43970.0,45950.0
Computer Operators,45320.0,46750.0,,,,,,
Data Entry Keyers,32530.0,33740.0,34820.0,35850.0,35940.0,37970.0,40130.0,42070.0
Word Processors and Typists,41070.0,41160.0,41880.0,42630.0,43370.0,44990.0,47170.0,49730.0
Desktop Publishers,45170.0,46750.0,48740.0,50600.0,50930.0,53390.0,57680.0,60250.0
Insurance Claims and Policy Processing Clerks,41090.0,42150.0,43280.0,45070.0,45790.0,47840.0,49530.0,51980.0
"Mail Clerks and Mail Machine Operators, Except Postal Service",31200.0,32040.0,32620.0,33700.0,34390.0,36210.0,38370.0,40200.0
"Office Clerks, General",33910.0,35200.0,36360.0,37770.0,38990.0,41140.0,43560.0,45470.0
"Office Machine Operators, Except Computer",33190.0,34530.0,35150.0,36580.0,37110.0,38300.0,39600.0,41620.0
Proofreaders and Copy Markers,40410.0,41950.0,43200.0,44670.0,46010.0,48770.0,51100.0,52730.0
Statistical Assistants,49090.0,50110.0,51640.0,52120.0,53420.0,54630.0,53900.0,55470.0
"Office and Administrative Support Workers, All Other",37360.0,37480.0,38290.0,39340.0,42580.0,43150.0,46620.0,48700.0
"Supervisors of Farming, Fishing, and Forestry Workers",50160.0,50790.0,52520.0,54420.0,54450.0,58820.0,60790.0,63360.0
"First-Line Supervisors of Farming, Fishing, and Forestry Workers",50160.0,50790.0,52520.0,54420.0,54450.0,58820.0,60790.0,63360.0
Agricultural Workers,26580.0,27910.0,29120.0,31180.0,32450.0,35440.0,37370.0,39060.0
Agricultural Inspectors,44930.0,45970.0,47160.0,48620.0,47430.0,49020.0,52170.0,55650.0
Animal Breeders,43450.0,43080.0,46420.0,43930.0,43270.0,48650.0,53520.0,56150.0
"Graders and Sorters, Agricultural Products",24620.0,26510.0,27570.0,29620.0,30400.0,32990.0,34880.0,36080.0
Agricultural Equipment Operators,31440.0,32620.0,33300.0,34070.0,36280.0,39750.0,41850.0,43920.0
"Farmworkers and Laborers, Crop, Nursery, and Greenhouse",25070.0,26450.0,27780.0,30140.0,31440.0,34300.0,36140.0,37850.0
"Farmworkers, Farm, Ranch, and Aquacultural Animals",27840.0,28840.0,29880.0,31060.0,32150.0,36290.0,37060.0,38580.0
"Agricultural Workers, All Other",35910.0,34340.0,33930.0,34330.0,37190.0,39180.0,45660.0,45780.0
Fishing and Hunting Workers,31330.0,,,,,,,
Fishers and Related Fishing Workers,31190.0,,,,,,,
"Forest, Conservation, and Logging Workers",39330.0,40500.0,41130.0,42230.0,43320.0,46210.0,49270.0,51180.0
Forest and Conservation Workers,31320.0,31320.0,32790.0,33520.0,33690.0,36010.0,36860.0,42830.0
Fallers,46930.0,48520.0,49670.0,49520.0,53760.0,58130.0,61190.0,59120.0
Logging Equipment Operators,39820.0,41840.0,42060.0,43570.0,43960.0,46570.0,49790.0,52020.0
Log Graders and Scalers,38710.0,39060.0,39110.0,38940.0,41520.0,44570.0,47120.0,48130.0
"Logging Workers, All Other",40730.0,40940.0,40390.0,41830.0,45430.0,47850.0,52950.0,53820.0
Supervisors of Construction and Extraction Workers,69200.0,70540.0,71440.0,72990.0,75060.0,77650.0,81340.0,84500.0
First-Line Supervisors of Construction Trades and Extraction Workers,69200.0,70540.0,71440.0,72990.0,75060.0,77650.0,81340.0,84500.0
Construction Trades Workers,48620.0,49850.0,51330.0,52580.0,54140.0,56510.0,59350.0,61560.0
Boilermakers,63010.0,63240.0,65040.0,67430.0,69070.0,69780.0,73840.0,76900.0
Brickmasons and Blockmasons,53390.0,54430.0,56470.0,58420.0,61430.0,62380.0,63430.0,65390.0
Stonemasons,42370.0,44370.0,48070.0,48290.0,50170.0,56100.0,56930.0,57220.0
Carpenters,49630.0,51120.0,52850.0,54200.0,55190.0,58210.0,60970.0,64040.0
Carpet Installers,44200.0,44550.0,45320.0,46150.0,48710.0,49520.0,52290.0,55860.0
"Floor Layers, Except Carpet, Wood, and Hard Tiles",44530.0,46760.0,48610.0,49740.0,53880.0,54870.0,56680.0,60550.0
Floor Sanders and Finishers,39260.0,39890.0,42300.0,41400.0,44380.0,49330.0,49910.0,50880.0
Tile and Marble Setters,46370.0,45950.0,,,,,,
Cement Masons and Concrete Finishers,45490.0,47350.0,48330.0,49390.0,50900.0,53890.0,57410.0,59360.0
Terrazzo Workers and Finishers,45520.0,47230.0,56340.0,56440.0,58380.0,61680.0,54220.0,62330.0
Construction Laborers,38890.0,40350.0,41730.0,43000.0,44130.0,46350.0,49280.0,51260.0
"Paving, Surfacing, and Tamping Equipment Operators",43890.0,44360.0,44630.0,46400.0,50590.0,52730.0,55170.0,58660.0
Pile-Driver Operators,63770.0,64360.0,,,,,,
Operating Engineers and Other Construction Equipment Operators,51890.0,53030.0,54210.0,55280.0,56280.0,59420.0,62180.0,65180.0
Drywall and Ceiling Tile Installers,49250.0,49170.0,50560.0,51930.0,54810.0,57880.0,61480.0,62810.0
Tapers,55540.0,57340.0,61550.0,62140.0,65140.0,65880.0,69300.0,70390.0
Electricians,57910.0,59190.0,60370.0,61550.0,63310.0,65280.0,67810.0,69630.0
Glaziers,47480.0,48620.0,49810.0,50970.0,51950.0,55160.0,58320.0,60260.0
"Insulation Workers, Floor, Ceiling, and Wall",40600.0,42070.0,45100.0,46860.0,44810.0,48870.0,52080.0,53440.0
"Insulation Workers, Mechanical",50710.0,53180.0,54120.0,55470.0,56260.0,59100.0,60530.0,63540.0
"Painters, Construction and Maintenance",41840.0,43050.0,44640.0,46460.0,47140.0,49350.0,52110.0,53710.0
Paperhangers,40930.0,40840.0,44470.0,49820.0,51560.0,49030.0,54020.0,51900.0
Pipelayers,43210.0,43500.0,43600.0,45060.0,48510.0,51230.0,52840.0,54270.0
"Plumbers, Pipefitters, and Steamfitters",57070.0,58150.0,59800.0,61100.0,63350.0,65190.0,67840.0,69940.0
Plasterers and Stucco Masons,45410.0,47610.0,49710.0,52100.0,54810.0,55650.0,59050.0,61000.0
Reinforcing Iron and Rebar Workers,54270.0,54670.0,54650.0,54700.0,58960.0,57780.0,60290.0,62640.0
Roofers,42780.0,43870.0,45820.0,47010.0,48890.0,51910.0,55840.0,57090.0
Sheet Metal Workers,52100.0,52710.0,54480.0,55320.0,58760.0,61300.0,64270.0,66110.0
Structural Iron and Steel Workers,56940.0,58170.0,59170.0,58650.0,61270.0,64800.0,68220.0,69270.0
Solar Photovoltaic Installers,43010.0,46010.0,46850.0,48020.0,50710.0,47970.0,53140.0,57380.0
"Helpers, Construction Trades",31980.0,32900.0,34300.0,35640.0,37340.0,39320.0,41340.0,43140.0
"Helpers--Brickmasons, Blockmasons, Stonemasons, and Tile and Marble Setters",35020.0,36390.0,38440.0,40190.0,43370.0,44230.0,45590.0,49730.0
Helpers--Carpenters,31100.0,31850.0,33830.0,35360.0,37340.0,38880.0,40860.0,42080.0
Helpers--Electricians,32040.0,32960.0,34300.0,35440.0,36720.0,38840.0,41240.0,42900.0
"Helpers--Painters, Paperhangers, Plasterers, and Stucco Masons",30570.0,31720.0,32930.0,33520.0,35270.0,38040.0,38750.0,40880.0
"Helpers--Pipelayers, Plumbers, Pipefitters, and Steamfitters",31830.0,32570.0,33750.0,34990.0,36350.0,37590.0,39460.0,41720.0
Helpers--Roofers,29710.0,31740.0,33350.0,35080.0,36000.0,40880.0,42280.0,42070.0
"Helpers, Construction Trades, All Other",31830.0,32370.0,33400.0,35140.0,37610.0,40790.0,43090.0,44040.0
Other Construction and Related Workers,48920.0,50240.0,51600.0,52750.0,54670.0,56990.0,60050.0,62700.0
Construction and Building Inspectors,62020.0,63150.0,64390.0,66470.0,68480.0,70130.0,72880.0,76430.0
Elevator Installers and Repairers,77130.0,79370.0,,,,,,
Fence Erectors,36260.0,37650.0,38600.0,40120.0,41140.0,43780.0,46650.0,50550.0
Hazardous Materials Removal Workers,46330.0,47050.0,47740.0,49170.0,49280.0,51620.0,53430.0,55740.0
Highway Maintenance Workers,40300.0,41440.0,42410.0,43200.0,44340.0,45790.0,49070.0,51410.0
Rail-Track Laying and Maintenance Equipment Operators,56360.0,57120.0,57160.0,57430.0,60770.0,63840.0,67330.0,68270.0
Septic Tank Servicers and Sewer Pipe Cleaners,40590.0,41530.0,42760.0,43930.0,45390.0,47580.0,49590.0,52730.0
Miscellaneous Construction and Related Workers,42220.0,43000.0,44030.0,44180.0,45370.0,48620.0,51670.0,52910.0
Extraction Workers,47480.0,47760.0,48180.0,49520.0,51900.0,53850.0,56610.0,59040.0
"Derrick Operators, Oil and Gas",47510.0,47630.0,48030.0,50280.0,52140.0,53770.0,58330.0,62490.0
"Rotary Drill Operators, Oil and Gas",56180.0,56740.0,57070.0,58940.0,61840.0,60450.0,67320.0,70080.0
"Service Unit Operators, Oil, Gas, and Mining",53370.0,52780.0,,,,,,
"Earth Drillers, Except Oil and Gas",47480.0,47570.0,,,53600.0,57250.0,60250.0,63260.0
"Explosives Workers, Ordnance Handling Experts, and Blasters",52790.0,52780.0,,,57070.0,61560.0,65600.0,66840.0
Continuous Mining Machine Operators,55040.0,54470.0,56530.0,58340.0,57430.0,57120.0,62110.0,63920.0
Mine Cutting and Channeling Machine Operators,52360.0,49080.0,,,,,,
"Mining Machine Operators, All Other",50670.0,52920.0,,,,,,
"Rock Splitters, Quarry",36050.0,35760.0,37390.0,38430.0,41630.0,47010.0,47830.0,50540.0
"Roof Bolters, Mining",59310.0,59090.0,59560.0,61900.0,59170.0,63990.0,68540.0,74760.0
"Roustabouts, Oil and Gas",39850.0,40220.0,41280.0,42160.0,44730.0,45750.0,47730.0,49060.0
Helpers--Extraction Workers,36870.0,37660.0,38390.0,39150.0,40860.0,44410.0,46990.0,50330.0
"Extraction Workers, All Other",50690.0,54300.0,,,50960.0,53220.0,53050.0,54780.0
"Supervisors of Installation, Maintenance, and Repair Workers",68120.0,69320.0,70550.0,73100.0,73590.0,76020.0,79020.0,82930.0
"First-Line Supervisors of Mechanics, Installers, and Repairers",68120.0,69320.0,70550.0,73100.0,73590.0,76020.0,79020.0,82930.0
"Electrical and Electronic Equipment Mechanics, Installers, and Repairers",52010.0,53190.0,54630.0,57400.0,57260.0,59500.0,62090.0,65000.0
"Computer, Automated Teller, and Office Machine Repairers",40140.0,40880.0,42070.0,43790.0,44170.0,47120.0,48290.0,49820.0
"Radio, Cellular, and Tower Equipment Installers and Repairers",57050.0,56340.0,57820.0,60790.0,62500.0,62570.0,64360.0,69180.0
"Telecommunications Equipment Installers and Repairers, Except Line Installers",55030.0,57080.0,58560.0,61980.0,60350.0,61670.0,64010.0,66650.0
Avionics Technicians,63650.0,65330.0,66970.0,69180.0,69860.0,74730.0,77080.0,82350.0
"Electric Motor, Power Tool, and Related Repairers",46230.0,45770.0,46620.0,49250.0,48740.0,51500.0,52550.0,56820.0
"Electrical and Electronics Installers and Repairers, Transportation Equipment",62030.0,61460.0,63670.0,70440.0,70650.0,71740.0,76380.0,80980.0
"Electrical and Electronics Repairers, Commercial and Industrial Equipment",58250.0,59210.0,60360.0,63350.0,64230.0,66650.0,69810.0,72950.0
"Electrical and Electronics Repairers, Powerhouse, Substation, and Relay",77770.0,80040.0,81280.0,83150.0,87640.0,88770.0,92840.0,97460.0
"Electronic Equipment Installers and Repairers, Motor Vehicles",36050.0,36750.0,38910.0,41250.0,43690.0,45720.0,47570.0,50240.0
Electronic Home Entertainment Equipment Installers and Repairers,38980.0,39800.0,,,,,,
Security and Fire Alarm Systems Installers,47100.0,48540.0,50210.0,52150.0,52170.0,54280.0,57400.0,60040.0
"Vehicle and Mobile Equipment Mechanics, Installers, and Repairers",44970.0,46200.0,47440.0,49420.0,50400.0,52750.0,55760.0,58880.0
Aircraft Mechanics and Service Technicians,62540.0,65230.0,67110.0,69040.0,69470.0,72640.0,76260.0,80780.0
Automotive Body and Related Repairers,45630.0,46460.0,47390.0,49430.0,50660.0,53220.0,55220.0,58830.0
Automotive Glass Installers and Repairers,35830.0,36370.0,37440.0,39660.0,40690.0,43900.0,46010.0,49580.0
Automotive Service Technicians and Mechanics,42660.0,43730.0,44890.0,46760.0,47990.0,49690.0,51940.0,55260.0
Bus and Truck Mechanics and Diesel Engine Specialists,48000.0,49150.0,50360.0,52090.0,53020.0,56140.0,59920.0,62480.0
Farm Equipment Mechanics and Service Technicians,40880.0,42190.0,43630.0,45350.0,47250.0,49930.0,52120.0,55290.0
"Mobile Heavy Equipment Mechanics, Except Engines",52370.0,53370.0,54840.0,57000.0,57280.0,59560.0,64340.0,67580.0
Rail Car Repairers,56380.0,56020.0,56810.0,58250.0,60400.0,61960.0,65690.0,67610.0
Motorboat Mechanics and Service Technicians,41350.0,42330.0,43440.0,45490.0,46660.0,50280.0,52620.0,56450.0
Motorcycle Mechanics,38270.0,39260.0,39970.0,40390.0,41970.0,44740.0,47960.0,49650.0
Outdoor Power Equipment and Other Small Engine Mechanics,36020.0,36940.0,37670.0,39090.0,40360.0,42590.0,45180.0,48200.0
Bicycle Repairers,29370.0,30290.0,31360.0,33530.0,34360.0,36770.0,39360.0,41550.0
Recreational Vehicle Service Technicians,39160.0,40090.0,41660.0,43790.0,44930.0,47320.0,50690.0,55380.0
Tire Repairers and Changers,28510.0,29530.0,30350.0,31790.0,32520.0,34970.0,37280.0,39140.0
"Other Installation, Maintenance, and Repair Occupations",45390.0,46380.0,47480.0,49650.0,50730.0,52970.0,55620.0,58660.0
Mechanical Door Repairers,41460.0,43350.0,43740.0,45350.0,45520.0,48400.0,51640.0,54110.0
"Control and Valve Installers and Repairers, Except Mechanical Door",57660.0,57890.0,59920.0,62400.0,67310.0,69410.0,72360.0,75970.0
"Heating, Air Conditioning, and Refrigeration Mechanics and Installers",49530.0,50160.0,51420.0,53410.0,54690.0,57460.0,59620.0,62690.0
Home Appliance Repairers,40790.0,41020.0,42400.0,43810.0,45340.0,47500.0,50640.0,53580.0
Industrial Machinery Mechanics,53110.0,54000.0,55320.0,57350.0,58780.0,60990.0,63690.0,67160.0
"Maintenance Workers, Machinery",47240.0,48720.0,49450.0,51960.0,53570.0,55910.0,58500.0,61820.0
Millwrights,55290.0,56250.0,57050.0,59080.0,61260.0,61750.0,64310.0,68640.0
"Refractory Materials Repairers, Except Brickmasons",50080.0,52510.0,55750.0,55080.0,54760.0,51010.0,49900.0,61480.0
Electrical Power-Line Installers and Repairers,68710.0,70240.0,71960.0,74410.0,79060.0,82770.0,85900.0,90110.0
Telecommunications Line Installers and Repairers,56340.0,59000.0,59670.0,61860.0,62250.0,64280.0,69040.0,72440.0
Camera and Photographic Equipment Repairers,42510.0,42540.0,40720.0,42740.0,44260.0,46870.0,58870.0,53420.0
Medical Equipment Repairers,52260.0,52710.0,53130.0,55090.0,56420.0,60950.0,64140.0,66810.0
Musical Instrument Repairers and Tuners,39040.0,39110.0,39750.0,39770.0,39740.0,43120.0,46250.0,49020.0
Watch Repairers,39530.0,44830.0,,,,,,
"Precision Instrument and Equipment Repairers, All Other",57850.0,58060.0,59940.0,62500.0,59070.0,63970.0,65710.0,70420.0
"Maintenance and Repair Workers, General",40280.0,41020.0,41960.0,43790.0,44920.0,47130.0,49650.0,52430.0
Wind Turbine Service Technicians,56680.0,58000.0,56700.0,59340.0,58580.0,59880.0,65380.0,67580.0
"Coin, Vending, and Amusement Machine Servicers and Repairers",35290.0,36390.0,37380.0,39710.0,42010.0,42500.0,45840.0,48530.0
Commercial Divers,55270.0,59470.0,67100.0,71850.0,82010.0,85630.0,75570.0,78110.0
"Fabric Menders, Except Garment",29530.0,33550.0,,,,,,
Locksmiths and Safe Repairers,42730.0,43740.0,44460.0,46240.0,47810.0,50210.0,52130.0,55200.0
Manufactured Building and Mobile Home Installers,31810.0,32910.0,34300.0,36360.0,35830.0,38020.0,39820.0,42620.0
Riggers,50270.0,51330.0,52420.0,53020.0,52100.0,58700.0,62020.0,66600.0
Signal and Track Switch Repairers,65750.0,67800.0,72690.0,75970.0,74220.0,77370.0,81810.0,84940.0
"Helpers--Installation, Maintenance, and Repair Workers",30430.0,31390.0,32570.0,33960.0,35090.0,36750.0,38720.0,40750.0
"Installation, Maintenance, and Repair Workers, All Other",42500.0,43050.0,43800.0,46160.0,45380.0,47800.0,50480.0,53270.0
Supervisors of Production Workers,62660.0,64340.0,65220.0,66800.0,67330.0,69100.0,71730.0,74540.0
First-Line Supervisors of Production and Operating Workers,62660.0,64340.0,65220.0,66800.0,67330.0,69100.0,71730.0,74540.0
Assemblers and Fabricators,34560.0,35650.0,36310.0,37550.0,39000.0,41420.0,43470.0,45890.0
"Aircraft Structure, Surfaces, Rigging, and Systems Assemblers",55400.0,55530.0,56460.0,55510.0,55380.0,60110.0,62860.0,66510.0
"Coil Winders, Tapers, and Finishers",35080.0,36610.0,38760.0,40280.0,42460.0,44850.0,46020.0,48940.0
"Electrical, Electronic, and Electromechanical Assemblers, Except Coil Winders, Tapers, and Finishers",34900.0,35880.0,36930.0,38750.0,39630.0,41770.0,43740.0,45930.0
Engine and Other Machine Assemblers,44520.0,45330.0,46570.0,47190.0,48110.0,51980.0,53470.0,56040.0
Structural Metal Fabricators and Fitters,40490.0,41640.0,43000.0,44750.0,45730.0,48870.0,50640.0,52740.0
Fiberglass Laminators and Fabricators,34960.0,36170.0,36970.0,38280.0,40360.0,41280.0,43920.0,47320.0
Timing Device Assemblers and Adjusters,37310.0,37460.0,38110.0,39430.0,44670.0,46480.0,52840.0,42410.0
"Assemblers and Fabricators, All Other, Including Team Assemblers",33180.0,34270.0,,,,,,
Food Processing Workers,29070.0,30090.0,31080.0,32640.0,33830.0,36300.0,38220.0,40090.0
Bakers,27920.0,28660.0,29630.0,31060.0,32300.0,34140.0,35550.0,37670.0
Butchers and Meat Cutters,32570.0,33210.0,34010.0,34630.0,35670.0,38200.0,39680.0,41300.0
"Meat, Poultry, and Fish Cutters and Trimmers",26430.0,27790.0,28810.0,30800.0,31680.0,35090.0,36840.0,38640.0
Slaughterers and Meat Packers,27830.0,28450.0,29600.0,31210.0,32010.0,34920.0,38710.0,40710.0
"Food and Tobacco Roasting, Baking, and Drying Machine Operators and Tenders",31680.0,32730.0,33880.0,35370.0,36280.0,39770.0,42410.0,44140.0
Food Batchmakers,30880.0,32090.0,33120.0,34970.0,36190.0,38710.0,40890.0,42830.0
Food Cooking Machine Operators and Tenders,30240.0,31690.0,32320.0,34180.0,35430.0,37760.0,39770.0,41930.0
"Food Processing Workers, All Other",26390.0,27590.0,28820.0,30680.0,33600.0,35430.0,37630.0,39260.0
Metal Workers and Plastic Workers,40650.0,41480.0,42050.0,43540.0,44840.0,47020.0,49350.0,52050.0
"Computer-Controlled Machine Tool Operators, Metal and Plastic",41010.0,41960.0,,,,,,
"Computer Numerically Controlled Machine Tool Programmers, Metal and Plastic",55770.0,56300.0,,,,,,
"Extruding and Drawing Machine Setters, Operators, and Tenders, Metal and Plastic",36050.0,36620.0,37770.0,38990.0,40520.0,42580.0,45440.0,48170.0
"Forging Machine Setters, Operators, and Tenders, Metal and Plastic",40340.0,40770.0,41200.0,43480.0,44410.0,46940.0,47350.0,50900.0
"Rolling Machine Setters, Operators, and Tenders, Metal and Plastic",39840.0,40790.0,41920.0,45110.0,46210.0,48250.0,49290.0,50940.0
"Cutting, Punching, and Press Machine Setters, Operators, and Tenders, Metal and Plastic",34770.0,36180.0,37310.0,38650.0,40000.0,42240.0,44260.0,47060.0
"Drilling and Boring Machine Tool Setters, Operators, and Tenders, Metal and Plastic",40870.0,41490.0,42630.0,42800.0,43240.0,45350.0,47490.0,50330.0
"Grinding, Lapping, Polishing, and Buffing Machine Tool Setters, Operators, and Tenders, Metal and Plastic",35520.0,36690.0,37860.0,38800.0,40030.0,42050.0,44450.0,46600.0
"Lathe and Turning Machine Tool Setters, Operators, and Tenders, Metal and Plastic",40310.0,41090.0,41990.0,43100.0,44270.0,47820.0,48850.0,50190.0
"Milling and Planing Machine Setters, Operators, and Tenders, Metal and Plastic",43330.0,44490.0,44820.0,44920.0,47100.0,49200.0,50020.0,52940.0
Machinists,44160.0,45250.0,46120.0,47800.0,49020.0,51430.0,54600.0,57390.0
Metal-Refining Furnace Operators and Tenders,41770.0,41810.0,43280.0,46000.0,46440.0,53450.0,54340.0,57290.0
"Pourers and Casters, Metal",39930.0,39670.0,40850.0,42440.0,44910.0,46600.0,50110.0,51320.0
"Model Makers, Metal and Plastic",54820.0,56920.0,57420.0,58180.0,59080.0,60220.0,64920.0,65840.0
"Patternmakers, Metal and Plastic",45880.0,47130.0,48050.0,49570.0,49840.0,55470.0,54550.0,57930.0
Foundry Mold and Coremakers,36440.0,36820.0,36920.0,38370.0,39980.0,42000.0,45130.0,46910.0
"Molding, Coremaking, and Casting Machine Setters, Operators, and Tenders, Metal and Plastic",33570.0,33950.0,34670.0,35960.0,37530.0,39690.0,42060.0,44130.0
"Multiple Machine Tool Setters, Operators, and Tenders, Metal and Plastic",36650.0,37510.0,38410.0,39800.0,40830.0,42040.0,43990.0,48590.0
Tool and Die Makers,53260.0,53650.0,54980.0,55520.0,56150.0,59390.0,62020.0,65100.0
"Welders, Cutters, Solderers, and Brazers",43410.0,44360.0,45190.0,46690.0,48290.0,50460.0,52640.0,55100.0
"Welding, Soldering, and Brazing Machine Setters, Operators, and Tenders",38880.0,39160.0,40240.0,41320.0,42950.0,46110.0,47120.0,49270.0
"Heat Treating Equipment Setters, Operators, and Tenders, Metal and Plastic",38720.0,39050.0,39840.0,41680.0,41560.0,43700.0,46540.0,49030.0
"Layout Workers, Metal and Plastic",46890.0,47380.0,48900.0,50980.0,52340.0,56170.0,60110.0,65770.0
"Plating and Coating Machine Setters, Operators, and Tenders, Metal and Plastic",34430.0,34830.0,,,,,,
"Tool Grinders, Filers, and Sharpeners",38800.0,40890.0,41970.0,43670.0,43660.0,46040.0,48520.0,51790.0
"Metal Workers and Plastic Workers, All Other",37440.0,38140.0,37790.0,39490.0,39480.0,41960.0,44780.0,45850.0
Printing Workers,37610.0,38260.0,38790.0,39890.0,40660.0,42280.0,44030.0,46260.0
Prepress Technicians and Workers,41770.0,42240.0,42540.0,43370.0,43800.0,44880.0,46540.0,49130.0
Printing Press Operators,37860.0,38470.0,39100.0,40200.0,41120.0,42730.0,44450.0,46620.0
Print Binding and Finishing Workers,34040.0,34850.0,35130.0,36430.0,37060.0,38850.0,40860.0,43040.0
"Textile, Apparel, and Furnishings Workers",26810.0,27690.0,28660.0,29920.0,31210.0,33170.0,35210.0,36970.0
Laundry and Dry-Cleaning Workers,23770.0,24480.0,25420.0,26600.0,27830.0,29660.0,31880.0,33990.0
"Pressers, Textile, Garment, and Related Materials",23080.0,24060.0,24820.0,26050.0,28110.0,30650.0,32340.0,33370.0
Sewing Machine Operators,26250.0,26990.0,28000.0,29420.0,30880.0,33130.0,35000.0,36680.0
Shoe and Leather Workers and Repairers,27550.0,29800.0,30580.0,31480.0,34890.0,34600.0,37030.0,36280.0
Shoe Machine Operators and Tenders,27530.0,30110.0,30540.0,31430.0,29920.0,34160.0,36570.0,37230.0
"Sewers, Hand",27540.0,29510.0,31020.0,30790.0,31350.0,33440.0,33860.0,34810.0
"Tailors, Dressmakers, and Custom Sewers",32150.0,34330.0,34530.0,36040.0,35430.0,37230.0,40190.0,44050.0
Textile Bleaching and Dyeing Machine Operators and Tenders,29150.0,29930.0,30810.0,31600.0,31940.0,33900.0,37570.0,39000.0
"Textile Cutting Machine Setters, Operators, and Tenders",28400.0,29440.0,29660.0,30890.0,33100.0,34970.0,37040.0,38500.0
"Textile Knitting and Weaving Machine Setters, Operators, and Tenders",29100.0,30470.0,31300.0,32370.0,33640.0,35710.0,37880.0,39470.0
"Textile Winding, Twisting, and Drawing Out Machine Setters, Operators, and Tenders",28920.0,29660.0,30740.0,32130.0,33050.0,34610.0,37100.0,38440.0
"Extruding and Forming Machine Setters, Operators, and Tenders, Synthetic and Glass Fibers",34720.0,35500.0,37760.0,39170.0,40600.0,42770.0,45270.0,47420.0
Fabric and Apparel Patternmakers,49690.0,49180.0,52740.0,57880.0,64070.0,66820.0,66750.0,71630.0
Upholsterers,35060.0,35920.0,36640.0,37870.0,38220.0,41900.0,44820.0,46960.0
"Textile, Apparel, and Furnishings Workers, All Other",31280.0,31070.0,30710.0,31070.0,32840.0,35520.0,37430.0,40410.0
Woodworkers,32900.0,33680.0,34660.0,35850.0,37520.0,39750.0,42210.0,44520.0
Cabinetmakers and Bench Carpenters,35740.0,36580.0,37620.0,38900.0,40070.0,42120.0,44620.0,47460.0
Furniture Finishers,33170.0,33850.0,34350.0,35040.0,37310.0,39880.0,42490.0,44310.0
"Model Makers, Wood",52000.0,52590.0,57320.0,62600.0,60040.0,52820.0,52510.0,59780.0
"Patternmakers, Wood",51760.0,59650.0,63490.0,60750.0,51020.0,45720.0,52330.0,57920.0
"Sawing Machine Setters, Operators, and Tenders, Wood",30670.0,31200.0,32150.0,33290.0,35280.0,37450.0,40120.0,42390.0
"Woodworking Machine Setters, Operators, and Tenders, Except Sawing",30370.0,31110.0,32180.0,33540.0,35560.0,38060.0,40360.0,42290.0
"Woodworkers, All Other",33650.0,34530.0,35270.0,35710.0,36080.0,36870.0,39520.0,43730.0
Plant and System Operators,60700.0,61820.0,63230.0,65490.0,66210.0,70400.0,72810.0,75480.0
Nuclear Power Reactor Operators,94350.0,95310.0,100990.0,104470.0,111220.0,117510.0,121240.0,122830.0
Power Distributors and Dispatchers,82310.0,85340.0,88910.0,93260.0,95520.0,101360.0,105460.0,109620.0
Power Plant Operators,75970.0,78030.0,79370.0,81890.0,83740.0,88960.0,91880.0,95990.0
Stationary Engineers and Boiler Operators,62710.0,63690.0,65970.0,68170.0,70510.0,72570.0,73170.0,79710.0
Water and Wastewater Treatment Plant and System Operators,48290.0,49490.0,50490.0,51890.0,52320.0,55690.0,58050.0,60620.0
Chemical Plant and System Operators,61620.0,61570.0,62710.0,65460.0,69020.0,79290.0,79450.0,76290.0
Gas Plant Operators,69600.0,71470.0,71050.0,73290.0,76970.0,78430.0,83020.0,85470.0
"Petroleum Pump System Operators, Refinery Operators, and Gaugers",68190.0,70630.0,73830.0,77610.0,80500.0,84140.0,88120.0,90970.0
"Plant and System Operators, All Other",57150.0,58300.0,59500.0,59600.0,55480.0,60070.0,59890.0,64490.0
Other Production Occupations,35940.0,37270.0,38770.0,40510.0,41820.0,44260.0,46710.0,49030.0
Chemical Equipment Operators and Tenders,50690.0,51070.0,51540.0,53330.0,52450.0,54210.0,57350.0,59800.0
"Separating, Filtering, Clarifying, Precipitating, and Still Machine Setters, Operators, and Tenders",42540.0,44140.0,45370.0,46850.0,47060.0,48980.0,51960.0,53830.0
"Crushing, Grinding, and Polishing Machine Setters, Operators, and Tenders",37220.0,38060.0,39270.0,41290.0,42790.0,45310.0,46390.0,49400.0
"Grinding and Polishing Workers, Hand",30840.0,31900.0,33060.0,34380.0,35990.0,38770.0,41490.0,43550.0
"Mixing and Blending Machine Setters, Operators, and Tenders",38730.0,39360.0,39920.0,40960.0,42490.0,45220.0,47950.0,49990.0
"Cutters and Trimmers, Hand",30360.0,31600.0,32340.0,34190.0,34330.0,37830.0,39260.0,41960.0
"Cutting and Slicing Machine Setters, Operators, and Tenders",34630.0,35700.0,36750.0,38220.0,40010.0,41980.0,44700.0,46420.0
"Extruding, Forming, Pressing, and Compacting Machine Setters, Operators, and Tenders",35430.0,36800.0,37240.0,38440.0,40050.0,41940.0,44610.0,47040.0
"Furnace, Kiln, Oven, Drier, and Kettle Operators and Tenders",39280.0,40610.0,41350.0,41910.0,43910.0,46180.0,47540.0,49250.0
"Inspectors, Testers, Sorters, Samplers, and Weighers",41040.0,42010.0,43000.0,44580.0,44810.0,47290.0,49260.0,51670.0
Jewelers and Precious Stone and Metal Workers,42180.0,43570.0,45950.0,48050.0,47090.0,50530.0,52000.0,55030.0
Dental Laboratory Technicians,41990.0,43180.0,44330.0,45230.0,47320.0,49930.0,52390.0,54060.0
Medical Appliance Technicians,40460.0,42180.0,44200.0,45630.0,46320.0,46240.0,48860.0,51410.0
Ophthalmic Laboratory Technicians,34030.0,34490.0,34800.0,36640.0,38910.0,40140.0,41280.0,41760.0
Packaging and Filling Machine Operators and Tenders,31990.0,32740.0,33590.0,35220.0,36750.0,39060.0,41200.0,43630.0
"Coating, Painting, and Spraying Machine Setters, Operators, and Tenders",35670.0,36510.0,41260.0,42140.0,43900.0,46440.0,48480.0,51610.0
"Painters, Transportation Equipment",46380.0,46460.0,,,,,,
"Painting, Coating, and Decorating Workers",33090.0,33960.0,35600.0,37540.0,38250.0,41770.0,44050.0,44130.0
Semiconductor Processors,38860.0,39810.0,,,,,,
Photographic Process Workers and Processing Machine Operators,32870.0,34910.0,36890.0,39390.0,40300.0,42750.0,41900.0,46050.0
Adhesive Bonding Machine Operators and Tenders,34630.0,35850.0,36010.0,37640.0,38580.0,40100.0,44400.0,45670.0
"Cleaning, Washing, and Metal Pickling Equipment Operators and Tenders",32270.0,33090.0,34230.0,34600.0,35820.0,39130.0,41500.0,43380.0
Cooling and Freezing Equipment Operators and Tenders,33590.0,34520.0,37010.0,39610.0,42910.0,44240.0,44840.0,44290.0
Etchers and Engravers,33860.0,34550.0,33770.0,35230.0,36970.0,40950.0,42780.0,43280.0
"Molders, Shapers, and Casters, Except Metal and Plastic",33810.0,35190.0,36000.0,37370.0,39020.0,41680.0,44710.0,46730.0
"Paper Goods Machine Setters, Operators, and Tenders",39770.0,40320.0,40980.0,41480.0,44180.0,46390.0,48910.0,51750.0
Tire Builders,41980.0,45530.0,45010.0,45980.0,47840.0,50600.0,53930.0,56230.0
Helpers--Production Workers,28070.0,29380.0,30540.0,32000.0,32910.0,35740.0,38160.0,40080.0
"Production Workers, All Other",32910.0,34490.0,33830.0,35620.0,36230.0,38860.0,41400.0,42940.0
Supervisors of Transportation and Material Moving Workers,56330.0,58070.0,57850.0,58330.0,58630.0,60850.0,63860.0,65680.0
Aircraft Cargo Handling Supervisors,52970.0,55110.0,57960.0,59620.0,62080.0,61150.0,64950.0,66190.0
"First-Line Supervisors of Transportation and Material Moving Workers, Except Aircraft Cargo Handling Supervisors",56400.0,58140.0,57840.0,58300.0,58580.0,60850.0,63840.0,65670.0
Air Transportation Workers,96890.0,101910.0,104130.0,111420.0,119590.0,131630.0,140030.0,155670.0
"Airline Pilots, Copilots, and Flight Engineers",161280.0,169560.0,174870.0,186870.0,198190.0,225740.0,250050.0,280570.0
Commercial Pilots,89350.0,96530.0,102870.0,110830.0,115080.0,123250.0,138010.0,142960.0
Air Traffic Controllers,120260.0,120830.0,120140.0,127440.0,127920.0,130840.0,136790.0,142740.0
Airfield Operations Specialists,56060.0,56760.0,57620.0,58360.0,54360.0,64050.0,62140.0,67120.0
Flight Attendants,52660.0,56630.0,56230.0,59150.0,62280.0,67020.0,70980.0,78950.0
Motor Vehicle Operators,38210.0,39400.0,40710.0,42770.0,44330.0,47110.0,49830.0,51770.0
"Ambulance Drivers and Attendants, Except Emergency Medical Technicians",26740.0,29010.0,29600.0,30700.0,31060.0,33570.0,34420.0,35550.0
"Bus Drivers, Transit and Intercity",43290.0,44650.0,45830.0,48110.0,51310.0,53920.0,59860.0,58390.0
"Bus Drivers, School or Special Client",32130.0,33390.0,,,,,,
Driver/Sales Workers,29090.0,29610.0,30230.0,31870.0,31970.0,35560.0,38230.0,39670.0
Heavy and Tractor-Trailer Truck Drivers,44500.0,45570.0,46850.0,48710.0,50340.0,53090.0,55990.0,58400.0
Light Truck or Delivery Services Drivers,35610.0,36920.0,,,,,,
Taxi Drivers and Chauffeurs,27480.0,28450.0,,,,,,
"Motor Vehicle Operators, All Other",32690.0,35640.0,37300.0,40200.0,36410.0,37650.0,39970.0,40980.0
Rail Transportation Workers,62900.0,64380.0,67240.0,65360.0,68330.0,70040.0,72150.0,75090.0
Locomotive Engineers,65980.0,66920.0,71570.0,70660.0,72940.0,73850.0,75870.0,81540.0
Locomotive Firers,62220.0,69030.0,,,,,,
"Rail Yard Engineers, Dinkey Operators, and Hostlers",51930.0,54640.0,52690.0,55200.0,58070.0,58430.0,57580.0,60810.0
"Railroad Brake, Signal, and Switch Operators",58500.0,58890.0,,,,,,
Railroad Conductors and Yardmasters,63370.0,66080.0,68350.0,65440.0,66990.0,69190.0,72220.0,75490.0
Subway and Streetcar Operators,63950.0,62970.0,63770.0,65480.0,71520.0,75880.0,77370.0,75620.0
"Rail Transportation Workers, All Other",59950.0,58490.0,54170.0,54670.0,54140.0,46780.0,50730.0,53500.0
Water Transportation Workers,65720.0,66040.0,71240.0,73530.0,80780.0,82200.0,79030.0,80150.0
Sailors and Marine Oilers,46560.0,46180.0,53250.0,55680.0,57800.0,53350.0,53470.0,55320.0
"Captains, Mates, and Pilots of Water Vessels",80970.0,82380.0,87420.0,89740.0,98330.0,104190.0,97820.0,97660.0
Motorboat Operators,45870.0,50350.0,49030.0,53500.0,44410.0,47300.0,51810.0,55370.0
Ship Engineers,77970.0,75710.0,79540.0,81110.0,96910.0,100980.0,100550.0,105600.0
Other Transportation Workers,31440.0,32460.0,33240.0,34970.0,35900.0,37750.0,40110.0,40640.0
Bridge and Lock Tenders,47280.0,47660.0,47880.0,49610.0,44760.0,46910.0,50070.0,56520.0
Parking Lot Attendants,24330.0,25130.0,,,,,,
Automotive and Watercraft Service Attendants,25100.0,25940.0,26860.0,28150.0,29960.0,32340.0,34530.0,35800.0
Traffic Technicians,49290.0,50700.0,52590.0,53140.0,53210.0,54720.0,56680.0,61310.0
Transportation Inspectors,73720.0,75330.0,77530.0,81320.0,77620.0,79770.0,83920.0,86490.0
"Transportation Attendants, Except Flight Attendants",31800.0,30640.0,,,,,,
"Transportation Workers, All Other",40050.0,42870.0,,,39990.0,40290.0,43530.0,45040.0
Material Moving Workers,30320.0,31560.0,31790.0,33290.0,34900.0,37270.0,39620.0,41100.0
Conveyor Operators and Tenders,34480.0,35110.0,36150.0,37540.0,37010.0,40060.0,42900.0,44800.0
Crane and Tower Operators,55690.0,58160.0,60530.0,64010.0,65270.0,65220.0,68040.0,71560.0
Dredge Operators,46340.0,47500.0,51340.0,53790.0,50530.0,51770.0,53700.0,55820.0
Excavating and Loading Machine and Dragline Operators,46780.0,48680.0,,,,,,
"Loading Machine Operators, Underground Mining",51780.0,51450.0,,,,,,
Hoist and Winch Operators,54910.0,56390.0,62690.0,62730.0,58450.0,69120.0,65810.0,64070.0
Industrial Truck and Tractor Operators,35370.0,36480.0,37930.0,39210.0,40950.0,43240.0,45720.0,47830.0
Cleaners of Vehicles and Equipment,25770.0,26900.0,27940.0,29400.0,30550.0,32730.0,35250.0,36290.0
"Laborers and Freight, Stock, and Material Movers, Hand",29690.0,30890.0,32130.0,33710.0,34950.0,37510.0,39760.0,41420.0
Machine Feeders and Offbearers,30710.0,31710.0,33010.0,34470.0,36660.0,39100.0,41000.0,42840.0
"Packers and Packagers, Hand",25410.0,26490.0,27680.0,29270.0,30950.0,33310.0,35450.0,36600.0
Gas Compressor and Gas Pumping Station Operators,61960.0,62900.0,62710.0,63770.0,67130.0,61500.0,63810.0,71750.0
"Pump Operators, Except Wellhead Pumpers",47040.0,47510.0,49120.0,51830.0,54400.0,59150.0,58650.0,61950.0
Wellhead Pumpers,53120.0,53870.0,55080.0,60500.0,67170.0,65510.0,69930.0,70070.0
Refuse and Recyclable Material Collectors,38920.0,40560.0,41400.0,42620.0,42780.0,45560.0,47810.0,51210.0
Mine Shuttle Car Operators,56510.0,56150.0,,,,,,
"Tank Car, Truck, and Ship Loaders",40290.0,42330.0,47580.0,50670.0,55330.0,58680.0,60530.0,60010.0
"Material Moving Workers, All Other",35620.0,35000.0,36530.0,37770.0,40190.0,43290.0,45840.0,46650.0
Administrative Services and Facilities Managers,,,106550.0,108120.0,,,,
"Education and Childcare Administrators, Preschool and Daycare",,,53690.0,54940.0,53800.0,57610.0,61320.0,62640.0
"Education Administrators, Kindergarten through Secondary",,,100340.0,103010.0,102650.0,106690.0,111020.0,113360.0
Gambling Managers,,,84700.0,85440.0,89190.0,95830.0,98270.0,102480.0
Funeral Home Managers,,,95220.0,91530.0,82900.0,84770.0,84800.0,85650.0
"Personal Service Managers, All Other; Entertainment and Recreation Managers, Except Gambling; and Managers, All Other",,,118710.0,123980.0,,,,
"Project Management Specialists and Business Operations Specialists, All Other",,,80220.0,84290.0,,,,
Property Appraisers and Assessors,,,63610.0,65630.0,70050.0,80460.0,76110.0,77160.0
"Financial and Investment Analysts, Financial Risk Specialists, and Financial Specialists, All Other",,,94160.0,96630.0,,,,
Database Administrators and Architects,,,96110.0,101090.0,,,,
Software Developers and Software Quality Assurance Analysts and Testers,,,111620.0,114270.0,,,,
Web Developers and Digital Interface Designers,,,82370.0,85490.0,,,,
"Data Scientists and Mathematical Science Occupations, All Other",,,100560.0,103930.0,,,,
Bioengineers and Biomedical Engineers,,,97090.0,98340.0,101020.0,108060.0,106700.0,115020.0
Aerospace Engineering and Operations Technologists and Technicians,,,68340.0,70680.0,73510.0,77060.0,81280.0,86330.0
Civil Engineering Technologists and Technicians,,,55480.0,56590.0,58000.0,61480.0,63770.0,68450.0
Electrical and Electronic Engineering Technologists and Technicians,,,66240.0,68310.0,69070.0,70810.0,74440.0,78580.0
Electro-Mechanical and Mechatronics Technologists and Technicians,,,61420.0,62800.0,63880.0,65920.0,72430.0,75710.0
Environmental Engineering Technologists and Technicians,,,54740.0,56570.0,56590.0,58020.0,58780.0,63070.0
Industrial Engineering Technologists and Technicians,,,59400.0,59920.0,61230.0,63470.0,66640.0,69780.0
Mechanical Engineering Technologists and Technicians,,,59160.0,60880.0,63390.0,64530.0,67990.0,72450.0
"Calibration Technologists and Technicians and Engineering Technologists and Technicians, Except Drafters, All Other",,,65940.0,67640.0,,,,
Geological and Hydrologic Technicians,,,60800.0,61130.0,,,,
Occupational Health and Safety Specialists and Technicians,,,72690.0,74480.0,75150.0,78750.0,81690.0,83770.0
"Educational, Guidance, and Career Counselors and Advisors",,,61000.0,62320.0,63090.0,64200.0,66990.0,71520.0
Health Education Specialists,,,60500.0,62120.0,64930.0,66710.0,69790.0,71700.0
"Family and Consumer Sciences Teachers, Postsecondary",,,85270.0,81580.0,93230.0,89840.0,89630.0,84450.0
"Career/Technical Education Teachers, Postsecondary",,,60420.0,61710.0,63130.0,65500.0,68300.0,68710.0
"Preschool, Elementary, Middle, Secondary, and Special Education Teachers",,,61420.0,63100.0,64870.0,65580.0,68890.0,68130.0
"Adult Basic Education, Adult Secondary Education, and English as a Second Language Instructors",,,58980.0,59810.0,60650.0,63130.0,65430.0,64660.0
Self-Enrichment Teachers,,,46120.0,47930.0,49230.0,50320.0,52890.0,53330.0
"Substitute Teachers, Short-Term",,,32460.0,36090.0,38410.0,42680.0,43570.0,44930.0
"Tutors and Teachers and Instructors, All Other",,,48700.0,50390.0,,,,
Librarians and Media Collections Specialists,,,61920.0,63560.0,64180.0,64770.0,68570.0,69180.0
Other Educational Instruction and Library Occupations,,,35330.0,36790.0,38620.0,40410.0,43220.0,42980.0
Farm and Home Management Educators,,,52720.0,54870.0,58040.0,58450.0,61430.0,60470.0
"Teaching Assistants, Postsecondary",,,36460.0,39460.0,41170.0,41900.0,47030.0,47560.0
"Teaching Assistants, Except Postsecondary",,,29640.0,30630.0,31760.0,33740.0,36430.0,35960.0
"Educational Instruction and Library Workers, All Other",,,45970.0,47210.0,49650.0,52250.0,54910.0,55700.0
Special Effects Artists and Animators,,,84780.0,88080.0,86220.0,111130.0,109630.0,110110.0
"Miscellaneous Entertainers and Performers, Sports and Related Workers",,,,,,,,
Broadcast Announcers and Radio Disc Jockeys,,,53580.0,57300.0,56110.0,155730.0,86950.0,80110.0
"News Analysts, Reporters, and Journalists",,,62400.0,66000.0,63230.0,86290.0,101430.0,106030.0
Court Reporters and Simultaneous Captioners,,,64990.0,66710.0,65240.0,70290.0,71040.0,74630.0
Audio and Video Technicians,,,51260.0,53390.0,55310.0,57710.0,59260.0,61370.0
"Camera Operators, Television, Video, and Film",,,64960.0,67590.0,61740.0,69940.0,71890.0,79870.0
"Lighting Technicians and Media and Communication Equipment Workers, All Other",,,73700.0,74880.0,,,,
Healthcare Diagnosing or Treating Practitioners,,,102470.0,105220.0,112160.0,118990.0,124800.0,128550.0
Family Medicine Physicians,,,213270.0,214370.0,235930.0,224460.0,240790.0,256830.0
General Internal Medicine Physicians,,,201440.0,210960.0,242190.0,225270.0,245450.0,262710.0
"Physicians, All Other; and Ophthalmologists, Except Pediatric",,,203450.0,218850.0,,,,
"Surgeons, Except Ophthalmologists",,,252040.0,251650.0,,,,
"Acupuncturists and Healthcare Diagnosing or Treating Practitioners, All Other",,,89060.0,97270.0,,,,
Radiologic Technologists and Technicians,,,63120.0,64840.0,66490.0,70240.0,75250.0,79760.0
"Medical Dosimetrists, Medical Records Specialists, and Health Technologists and Technicians, All Other",,,46590.0,48270.0,,,,
"Health Information Technologists, Medical Registrars, Surgical Assistants, and Healthcare Practitioners and Technical Workers, All Other",,,58600.0,60900.0,,,,
"Home Health and Personal Care Aides; and Nursing Assistants, Orderlies, and Psychiatric Aides",,,27860.0,29320.0,30440.0,32440.0,35120.0,36690.0
Home Health and Personal Care Aides,,,26440.0,28060.0,29260.0,30930.0,33380.0,34990.0
First-Line Supervisors of Firefighting and Prevention Workers,,,82010.0,83170.0,83270.0,84810.0,90740.0,97030.0
"Miscellaneous First-Line Supervisors, Protective Service Workers",,,53210.0,55210.0,,,,
Firefighting and Prevention Workers,,,55040.0,56800.0,55910.0,57200.0,61340.0,64820.0
Gambling Surveillance Officers and Gambling Investigators,,,38030.0,39910.0,38080.0,39290.0,42460.0,46710.0
Crossing Guards and Flaggers,,,32920.0,34220.0,35670.0,37490.0,40650.0,42910.0
"School Bus Monitors and Protective Service Workers, All Other",,,34880.0,36140.0,,,,
Fast Food and Counter Workers,,,23250.0,24540.0,26060.0,28130.0,30110.0,31350.0
First-Line Supervisors of Gambling Services Workers,,,51850.0,51160.0,52590.0,56400.0,62110.0,62600.0
"First-Line Supervisors of Personal Service and Entertainment and Recreation Workers, Except Gambling Services",,,43400.0,45820.0,,,,
Animal Caretakers,,,27060.0,28380.0,29520.0,32160.0,33530.0,34750.0
Gambling Dealers,,,23980.0,26110.0,28960.0,34350.0,40030.0,40420.0
Gambling and Sports Book Writers and Runners,,,27830.0,27130.0,29110.0,32310.0,32030.0,32570.0
"Gambling Service Workers, All Other",,,32000.0,33340.0,31790.0,34340.0,35650.0,37590.0
"Morticians, Undertakers, and Funeral Arrangers",,,58360.0,59000.0,56360.0,58430.0,58020.0,56340.0
Exercise Trainers and Group Fitness Instructors,,,45110.0,45650.0,45870.0,50170.0,51270.0,51360.0
"Crematory Operators and Personal Care and Service Workers, All Other",,,29190.0,30330.0,,,,
Gambling Change Persons and Booth Cashiers,,,28010.0,29110.0,29130.0,32950.0,36030.0,36820.0
"Sales Representatives of Services, Except Advertising, Insurance, Financial Services, and Travel",,,66760.0,70490.0,71110.0,77390.0,81080.0,81260.0
Gambling Cage Workers,,,29600.0,29700.0,30770.0,33370.0,36750.0,38600.0
Public Safety Telecommunicators,,,44310.0,45800.0,47030.0,49370.0,52140.0,54800.0
"Shipping, Receiving, and Inventory Clerks",,,36030.0,37210.0,38210.0,40450.0,42730.0,44890.0
Legal Secretaries and Administrative Assistants,,,50900.0,52750.0,52540.0,54180.0,56330.0,60320.0
Medical Secretaries and Administrative Assistants,,,38090.0,39000.0,39740.0,41260.0,43380.0,45580.0
Tile and Stone Setters,,,47300.0,48490.0,53330.0,53680.0,53920.0,57590.0
Pile Driver Operators,,,70230.0,71880.0,75950.0,70220.0,70260.0,79000.0
Elevator and Escalator Installers and Repairers,,,83250.0,86200.0,91320.0,93960.0,100060.0,104860.0
"Service Unit Operators, Oil and Gas",,,51390.0,52510.0,55660.0,57170.0,59390.0,61530.0
"Excavating and Loading Machine and Dragline Operators, Surface Mining",,,48580.0,48500.0,49850.0,53490.0,55500.0,57860.0
"Loading and Moving Machine Operators, Underground Mining",,,53730.0,56100.0,57330.0,62420.0,63620.0,68470.0
"Earth Drillers, Except Oil and Gas; and Explosives Workers, Ordnance Handling Experts, and Blasters",,,48890.0,51040.0,,,,
"Underground Mining Machine Operators and Extraction Workers, All Other",,,52280.0,53730.0,,,,
Audiovisual Equipment Installers and Repairers,,,42130.0,44850.0,46120.0,48450.0,52720.0,55740.0
Watch and Clock Repairers,,,45280.0,48560.0,45460.0,49580.0,56140.0,62450.0
Miscellaneous Assemblers and Fabricators,,,34800.0,35980.0,37780.0,40250.0,42400.0,44860.0
"Plating Machine Setters, Operators, and Tenders, Metal and Plastic",,,35640.0,36950.0,38580.0,40290.0,42550.0,43820.0
Semiconductor Processing Technicians,,,41950.0,45210.0,45910.0,48370.0,48970.0,59640.0
Computer Numerically Controlled Tool Operators,,,43170.0,44300.0,46240.0,47940.0,51030.0,52900.0
Computer Numerically Controlled Tool Programmers,,,59730.0,61010.0,62360.0,64580.0,67650.0,69880.0
Light Truck Drivers,,,38520.0,41050.0,42630.0,45020.0,46090.0,47950.0
"Passenger Vehicle Drivers, Except Bus Drivers, Transit and Intercity",,,33210.0,34360.0,,,,
"Railroad Brake, Signal, and Switch Operators and Locomotive Firers",,,62380.0,55890.0,63050.0,64810.0,62840.0,63170.0
Parking Attendants,,,26450.0,27910.0,29210.0,31230.0,32700.0,34190.0
Passenger Attendants,,,29420.0,30410.0,34380.0,36230.0,36780.0,38480.0
"Aircraft Service Attendants and Transportation Workers, All Other",,,42940.0,43920.0,,,,
Stockers and Order Fillers,,,29660.0,31010.0,33020.0,35550.0,37990.0,38910.0
Public Relations Managers,,,,,138000.0,150030.0,159420.0,163520.0
Fundraising Managers,,,,,119400.0,124450.0,133620.0,137290.0
Facilities Managers,,,,,101970.0,105970.0,111110.0,114520.0
"Entertainment and Recreation Managers, Except Gambling",,,,,73810.0,79750.0,84080.0,87060.0
"Personal Service Managers, All Other",,,,,59580.0,60510.0,62980.0,70620.0
Project Management Specialists,,,,,98420.0,101610.0,104920.0,108100.0
Financial and Investment Analysts,,,,,103020.0,108790.0,112950.0,116490.0
Financial Risk Specialists,,,,,110610.0,116140.0,118950.0,119930.0
Database Architects,,,,,121840.0,136540.0,137030.0,142620.0
Software Developers,,,,,120990.0,132930.0,138110.0,144570.0
Software Quality Assurance Analysts and Testers,,,,,97710.0,105750.0,108460.0,110260.0
Web and Digital Interface Designers,,,,,95460.0,101740.0,108820.0,111450.0
Data Scientists,,,,,108660.0,115240.0,119040.0,124590.0
"Mathematical Science Occupations, All Other",,,,,77960.0,82160.0,83330.0,84700.0
Calibration Technologists and Technicians,,,,,62800.0,67200.0,67360.0,71080.0
"Engineering Technologists and Technicians, Except Drafters, All Other",,,,,68290.0,70550.0,75290.0,79740.0
Clinical and Counseling Psychologists,,,,,99640.0,102740.0,106600.0,106850.0
School Psychologists,,,,,82770.0,87550.0,91990.0,93610.0
Agricultural Technicians,,,,,44850.0,45640.0,46810.0,49680.0
Food Science Technicians,,,,,47870.0,51320.0,54000.0,54400.0
"Geological Technicians, Except Hydrologic Technicians",,,,,59080.0,60810.0,64590.0,58220.0
Hydrologic Technicians,,,,,71760.0,66640.0,61500.0,64410.0
Tutors,,,,,41780.0,44820.0,48580.0,47780.0
"Teachers and Instructors, All Other",,,,,62200.0,66450.0,70340.0,71610.0
"Disc Jockeys, Except Radio",,,,,,,,
Lighting Technicians,,,,,58020.0,74020.0,73250.0,70000.0
Cardiologists,,,,,353970.0,421330.0,423250.0,432490.0
Dermatologists,,,,,302740.0,327650.0,342860.0,347810.0
Emergency Medicine Physicians,,,,,310640.0,316600.0,306640.0,320700.0
Neurologists,,,,,267660.0,255510.0,271470.0,286310.0
"Physicians, Pathologists",,,,,267180.0,252850.0,270560.0,266020.0
Radiologists,,,,,301720.0,329080.0,353960.0,359820.0
"Physicians, All Other",,,,,231500.0,238700.0,248640.0,253470.0
"Ophthalmologists, Except Pediatric",,,,,270090.0,265450.0,312120.0,301500.0
"Orthopedic Surgeons, Except Pediatric",,,,,306220.0,371400.0,378250.0,365060.0
Pediatric Surgeons,,,,,290310.0,362970.0,449320.0,450810.0
"Surgeons, All Other",,,,,297800.0,347870.0,343990.0,371280.0
Acupuncturists,,,,,71770.0,82390.0,84260.0,89750.0
"Healthcare Diagnosing or Treating Practitioners, All Other",,,,,113230.0,123960.0,123840.0,128680.0
Medical Dosimetrists,,,,,124750.0,129080.0,131850.0,141420.0
Emergency Medical Technicians,,,,,36690.0,40120.0,43100.0,44790.0
Paramedics,,,,,49500.0,53560.0,57450.0,60610.0
Medical Records Specialists,,,,,48310.0,51090.0,53690.0,55970.0
Health Information Technologists and Medical Registrars,,,,,61410.0,65280.0,70260.0,73410.0
Surgical Assistants,,,,,59170.0,61200.0,65190.0,67190.0
First-Line Supervisors of Security Workers,,,,,55080.0,54750.0,59580.0,62990.0
School Bus Monitors,,,,,30220.0,31040.0,33970.0,35270.0
"First-Line Supervisors of Entertainment and Recreation Workers, Except Gambling Services",,,,,47130.0,48630.0,50650.0,51400.0
Crematory Operators,,,,,39660.0,43120.0,44290.0,44790.0
"Underground Mining Machine Operators, All Other",,,,,60290.0,61990.0,65290.0,67830.0
"Bus Drivers, School",,,,,38750.0,42400.0,45210.0,46660.0
Shuttle Drivers and Chauffeurs,,,,,32570.0,35000.0,36920.0,39070.0
Taxi Drivers,,,,,30050.0,32710.0,35120.0,39310.0
Aircraft Service Attendants,,,,,38640.0,39400.0,42110.0,43630.0
