"","log_real_wage","denial_rate","avg_preperiod_dependency","high_dependency_median_num","post_treatment_num","did_median_num","total_approvals","total_denials"
"log_real_wage",1,-0.296797190964135,0.282190775601677,0.433297680055349,0.263246242995059,0.391725327902281,0.17160814603007,0.106322366155519
"denial_rate",-0.296797190964135,1,0.0423512197310635,-0.323241912825894,0.253887482249874,0.00493203008649769,0.169149952060402,0.29136819062972
"avg_preperiod_dependency",0.282190775601677,0.0423512197310635,1,0.468215419672825,0.00560824757262949,0.260776827609541,0.880422340550877,0.660924204820596
"high_dependency_median_num",0.433297680055349,-0.323241912825894,0.468215419672825,1,-0.0107804533054786,0.533793370027672,0.36244752223744,0.188394620082806
"post_treatment_num",0.263246242995059,0.253887482249874,0.00560824757262949,-0.0107804533054786,1,0.579121965779714,0.126932362128506,0.145208583916854
"did_median_num",0.391725327902281,0.00493203008649769,0.260776827609541,0.533793370027672,0.579121965779714,1,0.338163197217397,0.270721684844221
"total_approvals",0.17160814603007,0.169149952060402,0.880422340550877,0.36244752223744,0.126932362128506,0.338163197217397,1,0.89733178340218
"total_denials",0.106322366155519,0.29136819062972,0.660924204820596,0.188394620082806,0.145208583916854,0.270721684844221,0.89733178340218,1
