"dependency_category","n","mean_wage","mean_log_wage","mean_denial_rate","median_denial_rate"
"Low",65,53148.8999510216,10.8728302051184,0.110324363920827,0.0950965824665676
"Medium",54,56349.9288167489,10.9233833187767,0.0633124993544162,0.0492330911278425
"High",54,64550.51994713,11.0675504974329,0.0506753665503383,0.03193633467559
