"","log_real_wage","denial_rate","avg_preperiod_dependency","high_dependency_median_num","did_median_num","total_approvals","total_denials"
"log_real_wage",1,-0.419289032747116,0.28595597748995,0.4625860356588,0.4625860356588,0.15162808814488,0.0854754100572822
"denial_rate",-0.419289032747116,1,0.199268626338853,-0.268473980578938,-0.268473980578938,0.271104668975692,0.390821442193137
"avg_preperiod_dependency",0.28595597748995,0.199268626338853,1,0.474654895569761,0.474654895569761,0.912344050831493,0.822212282581213
"high_dependency_median_num",0.4625860356588,-0.268473980578938,0.474654895569761,1,1,0.381281265556531,0.235916240570462
"did_median_num",0.4625860356588,-0.268473980578938,0.474654895569761,1,1,0.381281265556531,0.235916240570462
"total_approvals",0.15162808814488,0.271104668975692,0.912344050831493,0.381281265556531,0.381281265556531,1,0.950578442974584
"total_denials",0.0854754100572822,0.390821442193137,0.822212282581213,0.235916240570462,0.235916240570462,0.950578442974584,1
