"","log_real_wage","denial_rate","avg_preperiod_dependency","high_dependency_median_num","total_approvals","total_denials"
"log_real_wage",1,-0.36641423140515,0.294923456498809,0.444033163127721,0.152188324098266,0.110213907770587
"denial_rate",-0.36641423140515,1,-0.0844191637399191,-0.381801050757619,-0.0354606527347206,0.059823278313218
"avg_preperiod_dependency",0.294923456498809,-0.0844191637399191,1,0.463314457805006,0.955053382981258,0.895656388391946
"high_dependency_median_num",0.444033163127721,-0.381801050757619,0.463314457805006,1,0.390291237116538,0.264803882528997
"total_approvals",0.152188324098266,-0.0354606527347206,0.955053382981258,0.390291237116538,1,0.951593866428956
"total_denials",0.110213907770587,0.059823278313218,0.895656388391946,0.264803882528997,0.951593866428956,1
